{
  "/gms/map/lioncastle/lion-kings-castle-castle-entrance": "Lion King's Castle: Castle Entrance",
  "/gms/map/lioncastle/lion-kings-castle-under-the-castle-walls-1": "Lion King's Castle: Under the Castle Walls 1",
  "/gms/map/lioncastle/lion-kings-castle-first-tower": "Lion King's Castle: First Tower",
  "/gms/map/lioncastle/lion-kings-castle-roof-of-the-first-tower": "Lion King's Castle: Roof of the First Tower",
  "/gms/map/lioncastle/lion-kings-castle-under-the-castle-walls-2": "Lion King's Castle: Under the Castle Walls 2",
  "/gms/map/lioncastle/lion-kings-castle-second-tower": "Lion King's Castle: Second Tower",
  "/gms/map/lioncastle/lion-kings-castle-roof-of-the-second-tower": "Lion King's Castle: Roof of the Second Tower",
  "/gms/map/lioncastle/lion-kings-castle-short-castle-walls-1": "Lion King's Castle: Short Castle Walls 1",
  "/gms/map/lioncastle/lion-kings-castle-under-the-castle-walls-3": "Lion King's Castle: Under the Castle Walls 3",
  "/gms/map/lioncastle/lion-kings-castle-third-tower": "Lion King's Castle: Third Tower",
  "/gms/map/lioncastle/lion-kings-castle-roof-of-the-third-tower": "Lion King's Castle: Roof of the Third Tower",
  "/gms/map/lioncastle/lion-kings-castle-short-castle-walls-2": "Lion King's Castle: Short Castle Walls 2",
  "/gms/map/lioncastle/lion-kings-castle-tall-castle-walls-1": "Lion King's Castle: Tall Castle Walls 1",
  "/gms/map/lioncastle/lion-kings-castle-under-the-castle-walls-4": "Lion King's Castle: Under the Castle Walls 4",
  "/gms/map/lioncastle/lion-kings-castle-fourth-tower": "Lion King's Castle: Fourth Tower",
  "/gms/map/lioncastle/lion-kings-castle-roof-of-the-fourth-tower": "Lion King's Castle: Roof of the Fourth Tower",
  "/gms/map/lioncastle/lion-kings-castle-very-tall-castle-walls": "Lion King's Castle: Very Tall Castle Walls",
  "/gms/map/lioncastle/lion-kings-castle-tall-castle-walls-2": "Lion King's Castle: Tall Castle Walls 2",
  "/gms/map/lioncastle/lion-kings-castle-short-castle-walls-3": "Lion King's Castle: Short Castle Walls 3",
  "/gms/map/lioncastle/lion-kings-castle-under-the-castle-walls-5": "Lion King's Castle: Under the Castle Walls 5",
  "/gms/map/lioncastle/lion-kings-castle-fifth-tower": "Lion King's Castle: Fifth Tower",
  "/gms/map/lioncastle/lion-kings-castle-roof-of-the-fifth-tower": "Lion King's Castle: Roof of the Fifth Tower",
  "/gms/map/lioncastle/lion-kings-castle-audience-room-corridor": "Lion King's Castle: Audience Room Corridor"
}