{
  "/map/ellin/ellin-forest": "Ellin Forest",
  "/map/masteria/new-leaf-city": "New Leaf City",
  "/map/masteria/crimsonwood-mountain": "Crimsonwood Mountain",
  "/map/masteria/crimsonwood-keep": "Crimsonwood Keep",
  "/map/masteria/phantom-forest-prendergast-mansion": "Phantom Forest / Prendergast Mansion",
  "/map/rien/rien-tutorial": "Rien Tutorial",
  "/map/rien/snow-island": "Snow Island",
  "/map/victoria-island/lith-harbor": "Lith Harbor",
  "/map/victoria-island/florina-beach": "Florina Beach",
  "/map/victoria-island/perion-west": "Perion (West)",
  "/map/victoria-island/perion-south-dungeon": "Perion (South - Dungeon)",
  "/map/victoria-island/perion-east": "Perion (East)",
  "/map/victoria-island/perion-excavation-site-remains": "Perion (Excavation Site & Remains)",
  "/map/victoria-island/ellinia-north": "Ellinia (North)",
  "/map/victoria-island/ellinia-south": "Ellinia (South)",
  "/map/victoria-island/henesys": "Henesys",
  "/map/victoria-island/mushroom-castle": "Mushroom Castle",
  "/map/victoria-island/kerning-city": "Kerning City",
  "/map/victoria-island/sleepywood-dungeon": "Sleepywood (Dungeon)",
  "/map/victoria-island/sleepywood-ant-tunnel": "Sleepywood (Ant Tunnel)",
  "/map/victoria-island/nautilus-port": "Nautilus Port",
  "/map/victoria-island/kerning-square": "Kerning Square",
  "/map/amoria/amoria": "Amoria",
  "/map/maple-island/maple-road": "Maple Road",
  "/map/ossyria/orbis": "Orbis",
  "/map/ossyria/orbis-tower": "Orbis Tower",
  "/map/ossyria/el-nath": "El Nath",
  "/map/ossyria/el-nath-dungeon": "El Nath Dungeon",
  "/map/ossyria/el-nath-lava": "El Nath Lava",
  "/map/ossyria/zakum-dungeon": "Zakum Dungeon",
  "/map/ossyria/aqua-road": "Aqua Road",
  "/map/ossyria/aqua-dungeon": "Aqua Dungeon",
  "/map/ossyria/ludibrium-toy-factory": "Ludibrium (Toy Factory)",
  "/map/ossyria/ludibrium-dungeon-clock-tower": "Ludibrium Dungeon (Clock Tower)",
  "/map/ossyria/eos-tower": "Eos Tower",
  "/map/ossyria/omega-sector": "Omega Sector",
  "/map/ossyria/korean-folk-town": "Korean Folk Town",
  "/map/ossyria/leafre": "Leafre",
  "/map/ossyria/leafre-dragon-nest": "Leafre (Dragon Nest)",
  "/map/ossyria/mu-lung": "Mu Lung",
  "/map/ossyria/herb-town": "Herb Town",
  "/map/ossyria/ariant": "Ariant",
  "/map/ossyria/magatia": "Magatia",
  "/map/ossyria/temple-of-time": "Temple of Time",
  "/map/ossyria/neo-city": "Neo City",
  "/map/ereve/ereve-tutorial": "Ereve Tutorial",
  "/map/ereve/ereve": "Ereve",
  "/map/world-tour/singapore": "Singapore",
  "/map/world-tour/singapore-extension": "Singapore (Extension)",
  "/map/world-tour/malaysia": "Malaysia",
  "/map/world-tour/zipangu": "Zipangu",
  "/map/world-tour/zipangu-hideout": "Zipangu (Hideout)",
  "/map/world-tour/ninja-castle": "Ninja Castle",
  "/map/world-tour/golden-temple": "Golden Temple",
  "/map/world-tour/visitors-event": "Visitors Event",
  "/map/mini-map/florina-beach": "Florina Beach",
  "/map/mini-map/florina-road-a-look-out-shed-around-the-beach": "Florina Road: A Look-Out Shed Around the Beach",
  "/map/mini-map/florina-road-lorang-lorang": "Florina Road: Lorang Lorang",
  "/map/mini-map/hidden-street-lorang-lorang-lorang": "Hidden Street: Lorang Lorang Lorang",
  "/map/mini-map/florina-road-lorang-and-clang": "Florina Road: Lorang and Clang",
  "/map/mini-map/hidden-street-clang-and-lorang": "Hidden Street: Clang and Lorang",
  "/map/mini-map/florina-road-hot-sand": "Florina Road: Hot Sand",
  "/map/mini-map/lith-harbor": "Lith Harbor",
  "/map/mini-map/victoria-road-right-around-lith-harbor": "Victoria Road: Right Around Lith Harbor",
  "/map/mini-map/victoria-road-thicket-around-the-beach-i": "Victoria Road: Thicket Around the Beach I",
  "/map/mini-map/victoria-road-thicket-around-the-beach-ii": "Victoria Road: Thicket Around the Beach II",
  "/map/mini-map/victoria-road-thicket-around-the-beach-iii": "Victoria Road: Thicket Around the Beach III",
  "/map/mini-map/victoria-road-3-way-road-split": "Victoria Road: 3-Way Road-Split",
  "/map/mini-map/hidden-street-beach-hunting-ground": "Hidden Street: Beach Hunting Ground",
  "/map/mini-map/hidden-street-the-pig-beach": "Hidden Street: The Pig Beach",
  "/map/mini-map/amoria": "Amoria",
  "/map/mini-map/hidden-street-purple-plains-1": "Hidden Street: Purple Plains 1",
  "/map/mini-map/hidden-street-purple-plains-2": "Hidden Street: Purple Plains 2",
  "/map/mini-map/hidden-street-purplewood-forest-1": "Hidden Street: Purplewood Forest 1",
  "/map/mini-map/hidden-street-purplewood-forest-2": "Hidden Street: Purplewood Forest 2",
  "/map/mini-map/hidden-street-amos-training-ground": "Hidden Street: Amos' Training Ground",
  "/map/mini-map/forest-of-beginning-1": "Forest of Beginning 1",
  "/map/mini-map/forest-of-beginning-2": "Forest of Beginning 2",
  "/map/mini-map/forest-of-beginning-3": "Forest of Beginning 3",
  "/map/mini-map/forest-of-beginning-4": "Forest of Beginning 4",
  "/map/mini-map/forest-of-beginning-5": "Forest of Beginning 5",
  "/map/mini-map/a-path-out-of-the-forest-of-beginning": "A path out of the Forest of Beginning",
  "/map/mini-map/small-bridge": "Small Bridge",
  "/map/mini-map/perion": "Perion",
  "/map/mini-map/victoria-road-west-street-corner-of-perion": "Victoria Road: West Street Corner of Perion",
  "/map/mini-map/victoria-road-west-rocky-mountain-i": "Victoria Road: West Rocky Mountain I",
  "/map/mini-map/victoria-road-west-rocky-mountain-ii": "Victoria Road: West Rocky Mountain II",
  "/map/mini-map/victoria-road-west-rocky-mountain-iii": "Victoria Road: West Rocky Mountain III",
  "/map/mini-map/victoria-road-west-rocky-mountain-iv": "Victoria Road: West Rocky Mountain IV",
  "/map/mini-map/victoria-road-west-domain-of-perion": "Victoria Road: West Domain of Perion",
  "/map/mini-map/warning-street-deep-valley-i": "Warning Street: Deep Valley I",
  "/map/mini-map/hidden-street-dangerous-valley-i": "Hidden Street: Dangerous Valley I",
  "/map/mini-map/hidden-street-dangerous-valley-ii": "Hidden Street: Dangerous Valley II",
  "/map/mini-map/warning-street-deep-valley-ii": "Warning Street: Deep Valley II",
  "/map/mini-map/warning-street-the-burnt-land-i": "Warning Street: The Burnt Land I",
  "/map/mini-map/warning-street-the-burnt-land-ii": "Warning Street: The Burnt Land II",
  "/map/mini-map/warning-street-the-burnt-land-iii": "Warning Street: The Burnt Land III",
  "/map/mini-map/warning-street-the-burnt-land-iv": "Warning Street: The Burnt Land IV",
  "/map/mini-map/warning-street-the-burnt-land-v": "Warning Street: The Burnt Land V",
  "/map/mini-map/warning-street-deep-valley-iii": "Warning Street: Deep Valley III",
  "/map/mini-map/warning-street-perion-dungeon-entrance": "Warning Street: Perion Dungeon Entrance",
  "/map/mini-map/new-leaf-city-town-street-new-leaf-city-town-center": "New Leaf City Town Street: New Leaf City - Town Center",
  "/map/mini-map/new-leaf-city-town-street-nlc-subway-station": "New Leaf City Town Street: NLC Subway Station",
  "/map/mini-map/masteria-jungle-clearing": "Masteria: Jungle Clearing",
  "/map/mini-map/masteria-jungle-valley": "Masteria: Jungle Valley",
  "/map/mini-map/masteria-krakian-jungle-basin": "Masteria: Krakian Jungle Basin",
  "/map/mini-map/masteria-mountain-slopes": "Masteria: Mountain Slopes",
  "/map/mini-map/masteria-mountain-cliffs": "Masteria: Mountain Cliffs",
  "/map/mini-map/masteria-highlands": "Masteria: Highlands",
  "/map/mini-map/bigger-ben-lobby": "Bigger Ben: Lobby",
  "/map/mini-map/mesogears-deity-room": "MesoGears: Deity Room",
  "/map/mini-map/mesogears-soul-corridor": "MesoGears: Soul Corridor",
  "/map/mini-map/mesogears-wolf-spider-cavern": "MesoGears: Wolf Spider Cavern",
  "/map/mini-map/mesogears-fire-chamber": "MesoGears: Fire Chamber",
  "/map/mini-map/mesogears-ice-chamber": "MesoGears: Ice Chamber",
  "/map/mini-map/mesogears-enigma-chamber": "MesoGears: Enigma Chamber",
  "/map/mini-map/crimsonwood-mountain-valley-of-heroes-1": "Crimsonwood Mountain: Valley of Heroes 1",
  "/map/mini-map/crimsonwood-mountain-valley-of-heroes-2": "Crimsonwood Mountain: Valley of Heroes 2",
  "/map/mini-map/crimsonwood-mountain-lower-ascent": "Crimsonwood Mountain: Lower Ascent",
  "/map/mini-map/crimsonwood-mountain-the-path-of-strength": "Crimsonwood Mountain: The Path of Strength",
  "/map/mini-map/crimsonwood-mountain-the-path-of-peril": "Crimsonwood Mountain: The Path of Peril",
  "/map/mini-map/crimsonwood-mountain-upper-ascent": "Crimsonwood Mountain: Upper Ascent",
  "/map/mini-map/crimsonwood-mountain-crimsonwood-keep": "Crimsonwood Mountain: Crimsonwood Keep",
  "/map/mini-map/crimsonwood-mountain-cavern-of-fear": "Crimsonwood Mountain: Cavern of Fear",
  "/map/mini-map/crimsonwood-mountain-cavern-of-pain": "Crimsonwood Mountain: Cavern of Pain",
  "/map/mini-map/crimsonwood-mountain-cavern-of-shame": "Crimsonwood Mountain: Cavern of Shame",
  "/map/mini-map/crimsonwood-mountain-cavern-of-honor": "Crimsonwood Mountain: Cavern of Honor",
  "/map/mini-map/crimsonwood-mountain-cavern-of-fortitude": "Crimsonwood Mountain: Cavern of Fortitude",
  "/map/mini-map/crimsonwood-mountain-cavern-of-valor": "Crimsonwood Mountain: Cavern of Valor",
  "/map/mini-map/victoria-road-on-the-way-to-the-harbor": "Victoria Road: On the Way to the Harbor",
  "/map/mini-map/victoria-road-nautilus-harbor": "Victoria Road: Nautilus Harbor",
  "/map/mini-map/the-nautilus-mid-floor-hallway": "The Nautilus: Mid Floor - Hallway",
  "/map/mini-map/the-nautilus-bedroom": "The Nautilus: Bedroom",
  "/map/mini-map/the-nautilus-conference-room": "The Nautilus: Conference Room",
  "/map/mini-map/the-nautilus-top-floor-hallway": "The Nautilus: Top Floor - Hallway",
  "/map/mini-map/the-nautilus-bottom-floor-hallway": "The Nautilus: Bottom Floor - Hallway",
  "/map/mini-map/the-nautilus-generator-room": "The Nautilus: Generator Room",
  "/map/mini-map/the-nautilus-training-room": "The Nautilus: Training Room",
  "/map/mini-map/the-nautilus-cafeteria": "The Nautilus: Cafeteria",
  "/map/mini-map/the-nautilus-lord-jonathans-room": "The Nautilus: Lord Jonathan's Room",
  "/map/mini-map/the-nautilus-navigation-room": "The Nautilus: Navigation Room",
  "/map/mini-map/hidden-chamber-the-nautilus-stable": "Hidden Chamber: The Nautilus - Stable",
  "/map/mini-map/hidden-chamber-secret-place": "Hidden Chamber: Secret Place",
  "/map/mini-map/victoria-road-excavation-site-i": "Victoria Road: Excavation Site I",
  "/map/mini-map/victoria-road-excavation-site-ii": "Victoria Road: Excavation Site II",
  "/map/mini-map/victoria-road-excavation-site-iii": "Victoria Road: Excavation Site III",
  "/map/mini-map/victoria-road-excavation-site-camp": "Victoria Road: Excavation Site <Camp>",
  "/map/mini-map/victoria-road-remains-tomb-i": "Victoria Road: Remains <Tomb> I",
  "/map/mini-map/victoria-road-remains-tomb-ii": "Victoria Road: Remains <Tomb> II",
  "/map/mini-map/victoria-road-camp-1": "Victoria Road: Camp 1",
  "/map/mini-map/victoria-road-remains-tomb-iii": "Victoria Road: Remains <Tomb> III",
  "/map/mini-map/victoria-road-camp-2": "Victoria Road: Camp 2",
  "/map/mini-map/victoria-road-remains-tomb-iv": "Victoria Road: Remains <Tomb> IV",
  "/map/mini-map/victoria-road-camp-3": "Victoria Road: Camp 3",
  "/map/mini-map/victoria-road-remains-cliff": "Victoria Road: Remains <Cliff>",
  "/map/mini-map/altaire-camp-small-forest": "Altaire Camp: Small Forest",
  "/map/mini-map/ellin-forest-altaire-camp": "Ellin Forest: Altaire Camp",
  "/map/mini-map/ellin-forest-eastern-region-of-mossy-tree-forest": "Ellin Forest: Eastern Region of Mossy Tree Forest",
  "/map/mini-map/ellin-forest-deep-fairy-forest": "Ellin Forest: Deep Fairy Forest",
  "/map/mini-map/altaire-camp-tent-house-1": "Altaire Camp: Tent House 1",
  "/map/mini-map/altaire-camp-tent-house-2": "Altaire Camp: Tent House 2",
  "/map/mini-map/altaire-camp-camp-conference-room": "Altaire Camp: Camp Conference Room",
  "/map/mini-map/ellin-forest-mossy-tree-forest-entrance": "Ellin Forest: Mossy Tree Forest Entrance",
  "/map/mini-map/ellin-forest-western-region-of-mossy-tree-forest-1": "Ellin Forest: Western Region of Mossy Tree Forest 1",
  "/map/mini-map/ellin-forest-western-region-of-mossy-tree-forest-2": "Ellin Forest: Western Region of Mossy Tree Forest 2",
  "/map/mini-map/ellin-forest-mossy-tree-forest-trail": "Ellin Forest: Mossy Tree Forest Trail",
  "/map/mini-map/ellin-forest-southern-region-of-mossy-tree-forest-1": "Ellin Forest: Southern Region of Mossy Tree Forest 1",
  "/map/mini-map/ellin-forest-southern-region-of-mossy-tree-forest-2": "Ellin Forest: Southern Region of Mossy Tree Forest 2",
  "/map/mini-map/ellin-forest-mushroom-hill-entrance": "Ellin Forest: Mushroom Hill Entrance",
  "/map/mini-map/ellin-forest-boulder-mountain-entrance": "Ellin Forest: Boulder Mountain Entrance",
  "/map/mini-map/sleepywood": "Sleepywood",
  "/map/mini-map/dungeon-swampy-land-in-a-deep-forest": "Dungeon: Swampy Land in a Deep Forest",
  "/map/mini-map/dungeon-hunting-ground-in-the-deep-forest-i": "Dungeon: Hunting Ground in the Deep Forest I",
  "/map/mini-map/dungeon-hunting-ground-in-the-deep-forest-ii": "Dungeon: Hunting Ground in the Deep Forest II",
  "/map/mini-map/dungeon-deep-forest": "Dungeon: Deep Forest",
  "/map/mini-map/dungeon-damp-tree-forest": "Dungeon: Damp Tree-Forest",
  "/map/mini-map/dungeon-damp-forest": "Dungeon: Damp Forest",
  "/map/mini-map/dungeon-sleepy-dungeon-i": "Dungeon: Sleepy Dungeon I",
  "/map/mini-map/dungeon-sleepy-dungeon-ii": "Dungeon: Sleepy Dungeon II",
  "/map/mini-map/dungeon-sleepy-dungeon-iii": "Dungeon: Sleepy Dungeon III",
  "/map/mini-map/dungeon-sleepy-dungeon-iv": "Dungeon: Sleepy Dungeon IV",
  "/map/mini-map/mini-dungeon-golems-castle-ruins": "Mini Dungeon: Golem's Castle Ruins",
  "/map/mini-map/dungeon-sleepy-dungeon-v": "Dungeon: Sleepy Dungeon V",
  "/map/mini-map/dungeon-the-forest-of-golem": "Dungeon: The Forest of Golem",
  "/map/mini-map/black-road-wounded-soldiers-camp": "Black Road: Wounded Soldier's Camp",
  "/map/mini-map/black-road-ready-to-leave": "Black Road: Ready to Leave",
  "/map/mini-map/black-road-burning-forest-1": "Black Road: Burning Forest 1",
  "/map/mini-map/black-road-burning-forest-2": "Black Road: Burning Forest 2",
  "/map/mini-map/black-road-burning-forest-3": "Black Road: Burning Forest 3",
  "/map/mini-map/black-road-dead-end-forest": "Black Road: Dead End Forest",
  "/map/mini-map/black-road-burning-forest-1-2": "Black Road: Burning Forest 1 [2]",
  "/map/mini-map/black-road-burning-forest-2-2": "Black Road: Burning Forest 2 [2]",
  "/map/mini-map/black-road-burning-forest-3-2": "Black Road: Burning Forest 3 [2]",
  "/map/mini-map/black-road-ready-to-leave-2": "Black Road: Ready to Leave [2]",
  "/map/mini-map/ice-cave-snow-island": "Ice Cave: Snow Island",
  "/map/mini-map/snow-island-cold-forest-1": "Snow Island: Cold Forest 1",
  "/map/mini-map/snow-island-cold-forest-2": "Snow Island: Cold Forest 2",
  "/map/mini-map/snow-island-cold-forest-3": "Snow Island: Cold Forest 3",
  "/map/mini-map/snow-island-cold-forest-4": "Snow Island: Cold Forest 4",
  "/map/mini-map/ellinia": "Ellinia",
  "/map/mini-map/victoria-road-magic-library": "Victoria Road: Magic Library",
  "/map/mini-map/hidden-street-marrs-forest": "Hidden Street: Marr's Forest",
  "/map/mini-map/victoria-road-the-field-up-north-of-ellinia": "Victoria Road: The Field Up North of Ellinia",
  "/map/mini-map/victoria-road-the-tree-that-grew-i": "Victoria Road: The Tree That Grew I",
  "/map/mini-map/victoria-road-the-tree-that-grew-ii": "Victoria Road: The Tree That Grew II",
  "/map/mini-map/victoria-road-the-tree-that-grew-iii": "Victoria Road: The Tree That Grew III",
  "/map/mini-map/victoria-road-top-of-the-tree-that-grew": "Victoria Road: Top of the Tree That Grew",
  "/map/mini-map/victoria-road-the-forest-north-of-ellinia": "Victoria Road: The Forest North of Ellinia",
  "/map/mini-map/victoria-road-the-tree-tunnel-at-the-forest-up-north": "Victoria Road: The Tree Tunnel At the Forest Up North",
  "/map/mini-map/victoria-road-tree-dungeon-forest-up-north-i": "Victoria Road: Tree Dungeon, Forest Up North I",
  "/map/mini-map/victoria-road-tree-dungeon-forest-up-north-ii": "Victoria Road: Tree Dungeon, Forest Up North II",
  "/map/mini-map/victoria-road-tree-dungeon-forest-up-north-iii": "Victoria Road: Tree Dungeon, Forest Up North III",
  "/map/mini-map/victoria-road-tree-dungeon-forest-up-north-iv": "Victoria Road: Tree Dungeon, Forest Up North IV",
  "/map/mini-map/victoria-road-tree-dungeon-forest-up-north-v": "Victoria Road: Tree Dungeon, Forest Up North V",
  "/map/mini-map/victoria-road-tree-dungeon-forest-up-north-vi": "Victoria Road: Tree Dungeon, Forest Up North VI",
  "/map/mini-map/victoria-road-tree-dungeon-forest-up-north-vii": "Victoria Road: Tree Dungeon, Forest Up North VII",
  "/map/mini-map/victoria-road-tree-dungeon-forest-up-north-viii": "Victoria Road: Tree Dungeon, Forest Up North VIII",
  "/map/mini-map/victoria-road-tree-dungeon-forest-up-north-ix": "Victoria Road: Tree Dungeon, Forest Up North IX",
  "/map/mini-map/victoria-road-the-field-south-of-ellinia": "Victoria Road: The Field South of Ellinia",
  "/map/mini-map/victoria-road-the-forest-of-wisdom": "Victoria Road: The Forest of Wisdom",
  "/map/mini-map/hidden-street-downstairs-at-the-forest": "Hidden Street: Downstairs at the Forest",
  "/map/mini-map/hidden-street-monkey-forest-i": "Hidden Street: Monkey Forest I",
  "/map/mini-map/hidden-street-tree-dungeon-monkey-forest-i": "Hidden Street: Tree Dungeon, Monkey Forest I",
  "/map/mini-map/hidden-street-monkey-forest-ii": "Hidden Street: Monkey Forest II",
  "/map/mini-map/hidden-street-tree-dungeon-monkey-forest-ii": "Hidden Street: Tree Dungeon, Monkey Forest II",
  "/map/mini-map/hidden-street-forest-of-evil-i": "Hidden Street: Forest of Evil I",
  "/map/mini-map/hidden-street-the-cursed-forest": "Hidden Street: The Cursed Forest",
  "/map/mini-map/hidden-street-forest-of-evil-ii": "Hidden Street: Forest of Evil II",
  "/map/mini-map/victoria-road-the-forest-south-of-ellinia": "Victoria Road:  The Forest South of Ellinia",
  "/map/mini-map/dungeon-southern-forest-i": "Dungeon, Southern Forest I",
  "/map/mini-map/dungeon-southern-forest-ii": "Dungeon, Southern Forest II",
  "/map/mini-map/dungeon-southern-forest-iii": "Dungeon, Southern Forest III",
  "/map/mini-map/dungeon-southern-forest-iv": "Dungeon, Southern Forest IV",
  "/map/mini-map/victoria-road-perion-street-corner": "Victoria Road: Perion Street Corner",
  "/map/mini-map/hidden-street-the-land-of-wild-boar-i": "Hidden Street: The Land of Wild Boar I",
  "/map/mini-map/hidden-street-over-the-wall": "Hidden Street: Over the Wall",
  "/map/mini-map/hidden-street-iron-boar-land": "Hidden Street: Iron Boar Land",
  "/map/mini-map/victoria-road-east-rocky-mountain-i": "Victoria Road: East Rocky Mountain I",
  "/map/mini-map/victoria-road-east-rocky-mountain-ii": "Victoria Road: East Rocky Mountain II",
  "/map/mini-map/victoria-road-east-rocky-mountain-iii": "Victoria Road: East Rocky Mountain III",
  "/map/mini-map/victoria-road-east-rocky-mountain-iv": "Victoria Road: East Rocky Mountain IV",
  "/map/mini-map/victoria-road-east-rocky-mountain-v": "Victoria Road: East Rocky Mountain V",
  "/map/mini-map/victoria-road-east-rocky-mountain-vi": "Victoria Road: East Rocky Mountain VI",
  "/map/mini-map/victoria-road-east-rocky-mountain-vii": "Victoria Road: East Rocky Mountain VII",
  "/map/mini-map/victoria-road-rocky-road-i": "Victoria Road: Rocky Road I",
  "/map/mini-map/victoria-road-rocky-road-ii": "Victoria Road: Rocky Road II",
  "/map/mini-map/victoria-road-rocky-road-iii": "Victoria Road: Rocky Road III",
  "/map/mini-map/victoria-road-east-domain-of-perion": "Victoria Road: East Domain of Perion",
  "/map/mini-map/hidden-street-the-land-of-wild-boar-ii": "Hidden Street: The Land of Wild Boar II",
  "/map/mini-map/maple-road-mushroom-town": "Maple Road: Mushroom Town",
  "/map/mini-map/maple-road-snail-garden": "Maple Road: Snail Garden",
  "/map/mini-map/maple-road-snail-field-of-flowers": "Maple Road: Snail Field of Flowers",
  "/map/mini-map/maple-road-mushroom-town-townstreet": "Maple Road: Mushroom Town Townstreet",
  "/map/mini-map/maple-road-in-a-small-forest": "Maple Road: In a Small Forest",
  "/map/mini-map/maple-road-dangerous-forest": "Maple Road: Dangerous Forest",
  "/map/mini-map/rainbow-street-amherst": "Rainbow Street: Amherst",
  "/map/mini-map/rainbow-street-amherst-department-store": "Rainbow Street: Amherst Department Store",
  "/map/mini-map/rainbow-street-amherst-weapon-store": "Rainbow Street: Amherst Weapon Store",
  "/map/mini-map/maple-road-entrance-to-adventurer-training-center": "Maple Road: Entrance to Adventurer Training Center",
  "/map/mini-map/maple-road-adventurer-training-center-1": "Maple Road: Adventurer Training Center 1",
  "/map/mini-map/maple-road-adventurer-training-center-2": "Maple Road: Adventurer Training Center 2",
  "/map/mini-map/maple-road-adventurer-training-center-3": "Maple Road: Adventurer Training Center 3",
  "/map/mini-map/maple-road-adventurer-training-center-4": "Maple Road: Adventurer Training Center 4",
  "/map/mini-map/maple-road-split-road-of-destiny": "Maple Road: Split Road of Destiny",
  "/map/mini-map/maple-road-southperry-0": "Maple Road: Southperry",
  "/map/mini-map/maple-road-southperry-armor-store": "Maple Road: Southperry Armor Store",
  "/map/mini-map/herb-town-isolated-swamp": "Herb Town: Isolated Swamp",
  "/map/mini-map/herb-town-old-swamp": "Herb Town: Old Swamp",
  "/map/mini-map/herb-town-red-nose-pirate-den-1": "Herb Town: Red-Nose Pirate Den 1",
  "/map/mini-map/herb-town-red-nose-pirate-den-2": "Herb Town: Red-Nose Pirate Den 2",
  "/map/mini-map/herb-town-red-nose-pirate-den-3": "Herb Town: Red-Nose Pirate Den 3",
  "/map/mini-map/herb-town-over-the-pirate-ship": "Herb Town: Over the Pirate Ship",
  "/map/mini-map/herb-town-bellflower-valley": "Herb Town: Bellflower Valley",
  "/map/mini-map/herb-town-100-year-old-herb-garden": "Herb Town: 100-Year-Old Herb Garden",
  "/map/mini-map/herb-town-50-year-old-herb-garden": "Herb Town: 50-Year-Old Herb Garden",
  "/map/mini-map/herb-town-60-year-old-herb-garden": "Herb Town: 60-Year-Old Herb Garden",
  "/map/mini-map/herb-town-80-year-old-herb-garden": "Herb Town: 80-Year-Old Herb Garden",
  "/map/mini-map/herb-town-10-year-old-herb-garden": "Herb Town: 10-Year-Old Herb Garden",
  "/map/mini-map/herb-town": "Herb Town",
  "/map/mini-map/herb-town-pier-on-the-beach": "Herb Town: Pier on the Beach",
  "/map/mini-map/kerning-city-subway-subway-train": "Kerning City Subway: Subway Train",
  "/map/mini-map/victoria-road-subway-ticketing-booth": "Victoria Road: Subway Ticketing Booth",
  "/map/mini-map/kerning-city-subway-kerning-square-station": "Kerning City Subway: Kerning Square Station",
  "/map/mini-map/kerning-square-kerning-square-lobby": "Kerning Square: Kerning Square Lobby",
  "/map/mini-map/kerning-square-1st-floor-2nd-floor-area-a": "Kerning Square: 1st Floor 2nd Floor Area A",
  "/map/mini-map/kerning-square-1st-floor-2nd-floor-area-b": "Kerning Square: 1st Floor 2nd Floor Area B",
  "/map/mini-map/kerning-square-1st-floor-2nd-floor-area-c": "Kerning Square: 1st Floor 2nd Floor Area C",
  "/map/mini-map/kerning-square-1st-floor-2nd-floor-area-d": "Kerning Square: 1st Floor 2nd Floor Area D",
  "/map/mini-map/kerning-square-3rd-floor-4th-floor-area-a": "Kerning Square: 3rd Floor 4th Floor Area A",
  "/map/mini-map/kerning-square-3rd-floor-4th-floor-area-b": "Kerning Square: 3rd Floor 4th Floor Area B",
  "/map/mini-map/kerning-square-3rd-floor-4th-floor-area-c": "Kerning Square: 3rd Floor 4th Floor Area C",
  "/map/mini-map/kerning-square-3rd-floor-4th-floor-area-d": "Kerning Square: 3rd Floor 4th Floor Area D",
  "/map/mini-map/kerning-square-5th-floor-6th-floor-area-a": "Kerning Square: 5th Floor 6th Floor Area A",
  "/map/mini-map/kerning-square-5th-floor-6th-floor-area-b": "Kerning Square: 5th Floor 6th Floor Area B",
  "/map/mini-map/kerning-square-5th-floor-6th-floor-area-c": "Kerning Square: 5th Floor 6th Floor Area C",
  "/map/mini-map/kerning-square-5th-floor-6th-floor-area-d": "Kerning Square: 5th Floor 6th Floor Area D",
  "/map/mini-map/kerning-square-7th-floor-8th-floor-area-a": "Kerning Square: 7th Floor 8th Floor Area A",
  "/map/mini-map/kerning-square-7th-floor-8th-floor-area-b": "Kerning Square: 7th Floor 8th Floor Area B",
  "/map/mini-map/kerning-square-7th-floor-8th-floor-area-c": "Kerning Square: 7th Floor 8th Floor Area C",
  "/map/mini-map/kerning-square-7th-floor-8th-floor-area-d": "Kerning Square: 7th Floor 8th Floor Area D",
  "/map/mini-map/kerning-square-vip-zone-area-a": "Kerning Square: VIP Zone Area A",
  "/map/mini-map/kerning-square-vip-zone-area-b": "Kerning Square: VIP Zone Area B",
  "/map/mini-map/kerning-square-vip-zone-area-c": "Kerning Square: VIP Zone Area C",
  "/map/mini-map/crimsonwood-keep-courtyard": "Crimsonwood Keep: Courtyard",
  "/map/mini-map/crimsonwood-keep-hall-of-mastery": "Crimsonwood Keep: Hall of Mastery",
  "/map/mini-map/crimsonwood-keep-hall-to-inner-sanctum": "Crimsonwood Keep: Hall to Inner Sanctum",
  "/map/mini-map/crimsonwood-keep-tornado-corridor": "Crimsonwood Keep: Tornado Corridor",
  "/map/mini-map/crimsonwood-keep-the-inferno-chamber": "Crimsonwood Keep: The Inferno Chamber",
  "/map/mini-map/crimsonwood-keep-the-wrath-of-night": "Crimsonwood Keep: The Wrath of Night",
  "/map/mini-map/crimsonwood-keep-stormhall": "Crimsonwood Keep: Stormhall",
  "/map/mini-map/crimsonwood-keep-eternal-vigilance": "Crimsonwood Keep: Eternal Vigilance",
  "/map/mini-map/party-quest-inner-sanctum-hallway": "Party Quest: Inner Sanctum Hallway",
  "/map/mini-map/party-quest-forgotten-storage-chamber": "Party Quest: Forgotten Storage Chamber",
  "/map/mini-map/party-quest-the-test-of-agility": "Party Quest: The Test of Agility",
  "/map/mini-map/party-quest-the-test-of-wit": "Party Quest: The Test of Wit",
  "/map/mini-map/party-quest-the-test-of-unity": "Party Quest: The Test of Unity",
  "/map/mini-map/party-quest-warrior-mastery-room": "Party Quest: Warrior Mastery Room",
  "/map/mini-map/party-quest-mage-mastery-room": "Party Quest: Mage Mastery Room",
  "/map/mini-map/party-quest-mage-mastery-room-2": "Party Quest: Mage Mastery Room [2]",
  "/map/mini-map/party-quest-mage-mastery-room-3": "Party Quest: Mage Mastery Room [3]",
  "/map/mini-map/party-quest-thief-mastery-room": "Party Quest: Thief Mastery Room",
  "/map/mini-map/party-quest-bowman-mastery-room": "Party Quest: Bowman Mastery Room",
  "/map/mini-map/party-quest-pirate-mastery-room": "Party Quest: Pirate Mastery Room",
  "/map/mini-map/party-quest-grandmaster-council-hall": "Party Quest: Grandmaster Council Hall",
  "/map/mini-map/party-quest-grandmaster-secret-chamber": "Party Quest: Grandmaster Secret Chamber",
  "/map/mini-map/party-quest-crimsonwood-armory": "Party Quest: Crimsonwood Armory",
  "/map/mini-map/snow-island-penguin-port": "Snow Island: Penguin Port",
  "/map/mini-map/snow-island-snow-covered-field-3": "Snow Island: Snow-covered Field 3",
  "/map/mini-map/penguin-port-in-emergency-find-the-black-crow": "Penguin Port in Emergency: Find the Black Crow!",
  "/map/mini-map/snow-island-snow-covered-field-2": "Snow Island: Snow-covered Field 2",
  "/map/mini-map/snow-island-dangerous-forest": "Snow Island: Dangerous Forest",
  "/map/mini-map/snow-island-snow-covered-field-1": "Snow Island: Snow-covered Field 1",
  "/map/mini-map/snow-island-rien": "Snow Island: Rien",
  "/map/mini-map/snow-island-rien-library-1st-floor": "Snow Island: Rien Library 1st Floor",
  "/map/mini-map/snow-island-rien-library-2nd-floor": "Snow Island: Rien Library 2nd Floor",
  "/map/mini-map/snow-island-rien-library-3rd-floor": "Snow Island: Rien Library 3rd Floor",
  "/map/mini-map/snow-island-dangerous-forest-0": "Snow Island: Dangerous Forest",
  "/map/mini-map/snow-island-lirins-home": "Snow Island: Lirin's Home",
  "/map/mini-map/snow-island-dangerous-forest-2": "Snow Island: Dangerous Forest [2]",
  "/map/mini-map/snow-island-training-ground-1": "Snow Island: Training Ground 1",
  "/map/mini-map/snow-island-training-ground-2": "Snow Island: Training Ground 2",
  "/map/mini-map/snow-island-training-ground-3": "Snow Island: Training Ground 3",
  "/map/mini-map/snow-island-dangerous-forest-3": "Snow Island: Dangerous Forest [3]",
  "/map/mini-map/hidden-street-field-of-wolves": "Hidden Street: Field of Wolves",
  "/map/mini-map/snow-island-mirror-cave": "Snow Island: Mirror Cave",
  "/map/mini-map/arans-past-razor-sharp-cliff": "Aran's Past: Razor Sharp Cliff",
  "/map/mini-map/arans-past-black-crow-region": "Aran's Past: Black Crow Region",
  "/map/mini-map/snow-island-palace-of-the-master": "Snow Island: Palace of the Master",
  "/map/mini-map/snow-island-cold-forest-5": "Snow Island: Cold Forest 5",
  "/map/mini-map/hidden-street-battle-against-maha": "Hidden Street: Battle Against Maha",
  "/map/mini-map/hidden-street-wolfs-agony": "Hidden Street: Wolf's Agony",
  "/map/mini-map/mushroom-castle-mushroom-forest-field": "Mushroom Castle: Mushroom Forest Field",
  "/map/mini-map/mushroom-castle-secluded-mushroom-forest": "Mushroom Castle: Secluded Mushroom Forest",
  "/map/mini-map/mushroom-castle-isolated-mushroom-forest": "Mushroom Castle: Isolated Mushroom Forest",
  "/map/mini-map/mushroom-castle-deep-inside-mushroom-forest": "Mushroom Castle: Deep Inside Mushroom Forest",
  "/map/mini-map/mushroom-castle-split-road-of-destiny": "Mushroom Castle: Split Road of Destiny",
  "/map/mini-map/mushroom-castle-steep-downhill-1": "Mushroom Castle: Steep Downhill 1",
  "/map/mini-map/mushroom-castle-steep-downhill-2": "Mushroom Castle: Steep Downhill 2",
  "/map/mini-map/mushroom-castle-shadow-cliffs": "Mushroom Castle: Shadow Cliffs",
  "/map/mini-map/mushroom-castle-castle-wall-edge": "Mushroom Castle: Castle Wall Edge",
  "/map/mini-map/mushroom-castle-outer-castle-wall": "Mushroom Castle: Outer Castle Wall",
  "/map/mini-map/mushroom-castle-skyscraper-1": "Mushroom Castle: Skyscraper 1",
  "/map/mini-map/mushroom-castle-skyscraper-2": "Mushroom Castle: Skyscraper 2",
  "/map/mini-map/mushroom-castle-west-castle-tower": "Mushroom Castle: West Castle Tower",
  "/map/mini-map/mushroom-castle-skyscraper-3": "Mushroom Castle: Skyscraper 3",
  "/map/mini-map/mushroom-castle-security-room": "Mushroom Castle: Security Room",
  "/map/mini-map/mushroom-castle-skyscraper-4": "Mushroom Castle: Skyscraper 4",
  "/map/mini-map/mushroom-castle-skyscraper-5": "Mushroom Castle: Skyscraper 5",
  "/map/mini-map/mushroom-castle-central-castle-tower": "Mushroom Castle: Central Castle Tower",
  "/map/mini-map/mushroom-castle-skyscraper-6": "Mushroom Castle: Skyscraper 6",
  "/map/mini-map/mushroom-castle-east-castle-tower": "Mushroom Castle: East Castle Tower",
  "/map/mini-map/mushroom-castle-entrance-to-wedding-hall": "Mushroom Castle: Entrance to Wedding Hall",
  "/map/mini-map/mushroom-castle-the-last-castle-tower": "Mushroom Castle: The Last Castle Tower",
  "/map/mini-map/mushroom-castle-entrance-to-wedding-hall-2": "Mushroom Castle: Entrance to Wedding Hall [2]",
  "/map/mini-map/mushroom-castle-castle-tower-that-leads-to-the-top": "Mushroom Castle: Castle Tower that leads to the Top",
  "/map/mini-map/mushroom-castle-wedding-hall": "Mushroom Castle: Wedding Hall",
  "/map/mini-map/mushroom-castle-dead-end": "Mushroom Castle: Dead End",
  "/map/mini-map/henesys": "Henesys",
  "/map/mini-map/victoria-road-henesys-market": "Victoria Road: Henesys Market",
  "/map/mini-map/victoria-road-henesys-park": "Victoria Road: Henesys Park",
  "/map/mini-map/henesys-game-park": "Henesys Game Park",
  "/map/mini-map/victoria-road-pet-walking-road": "Victoria Road: Pet-Walking Road",
  "/map/mini-map/victoria-road-the-hill-east-of-henesys": "Victoria Road: The Hill East of Henesys",
  "/map/mini-map/hidden-street-nefarious-hill": "Hidden Street: Nefarious Hill",
  "/map/mini-map/victoria-road-the-rain-forest-east-of-henesys": "Victoria Road: The Rain-Forest East of Henesys",
  "/map/mini-map/mini-dungeon-henesys-pig-farm": "Mini Dungeon: Henesys Pig Farm",
  "/map/mini-map/victoria-road-the-forest-east-of-henesys": "Victoria Road: The Forest East of Henesys",
  "/map/mini-map/hidden-street-utahs-pig-farm": "Hidden Street: Utah's Pig Farm",
  "/map/mini-map/hidden-street-blue-mushroom-forest": "Hidden Street: Blue Mushroom Forest",
  "/map/mini-map/warning-street-road-to-the-dungeon": "Warning Street: Road to the Dungeon",
  "/map/mini-map/warning-street-henesys-dungeon-entrance": "Warning Street: Henesys Dungeon Entrance",
  "/map/mini-map/hidden-street-the-breathing-rock": "Hidden Street: The Breathing Rock",
  "/map/mini-map/victoria-road-the-entrance-of-golems-temple": "Victoria Road: The Entrance of Golem's Temple",
  "/map/mini-map/victoria-road-golems-temple-i": "Victoria Road: Golem's Temple I",
  "/map/mini-map/victoria-road-golems-temple-ii": "Victoria Road: Golem's Temple II",
  "/map/mini-map/victoria-road-golems-temple-iii": "Victoria Road: Golem's Temple III",
  "/map/mini-map/victoria-road-golems-temple-iv": "Victoria Road: Golem's Temple IV",
  "/map/mini-map/victoria-road-henesys-hunting-ground-i": "Victoria Road: Henesys Hunting Ground I",
  "/map/mini-map/victoria-road-henesys-hunting-ground-ii": "Victoria Road: Henesys Hunting Ground II",
  "/map/mini-map/victoria-road-henesys-hunting-ground-iii": "Victoria Road: Henesys Hunting Ground III",
  "/map/mini-map/victoria-road-a-hill-west-of-henesys": "Victoria Road: A Hill West of Henesys",
  "/map/mini-map/hidden-street-mushroom-garden": "Hidden Street: Mushroom Garden",
  "/map/mini-map/victoria-road-forest-west-of-henesys": "Victoria Road: Forest West of Henesys",
  "/map/mini-map/hidden-street-an-empty-house": "Hidden Street: An Empty House",
  "/map/mini-map/hidden-street-pig-park": "Hidden Street: Pig Park",
  "/map/mini-map/hidden-street-the-resting-spot-pig-park": "Hidden Street: The Resting Spot, Pig Park",
  "/map/mini-map/hidden-street-pig-park-ii": "Hidden Street: Pig Park II",
  "/map/mini-map/hidden-street-someone-elses-house": "Hidden Street: Someone Else's House",
  "/map/mini-map/dungeon-ant-tunnel-i": "Dungeon: Ant Tunnel I",
  "/map/mini-map/dungeon-ant-tunnel-ii": "Dungeon: Ant Tunnel II",
  "/map/mini-map/dungeon-ant-tunnel-iii": "Dungeon: Ant Tunnel III",
  "/map/mini-map/dungeon-ant-tunnel-iv": "Dungeon: Ant Tunnel IV",
  "/map/mini-map/mini-dungeon-cave-of-mushrooms": "Mini Dungeon: Cave of Mushrooms",
  "/map/mini-map/dungeon-dark-cave": "Dungeon: Dark Cave",
  "/map/mini-map/dungeon-dangerous-steam": "Dungeon: Dangerous Steam",
  "/map/mini-map/dungeon-deep-ant-tunnel-i": "Dungeon: Deep Ant Tunnel I",
  "/map/mini-map/dungeon-deep-ant-tunnel-ii": "Dungeon: Deep Ant Tunnel II",
  "/map/mini-map/dungeon-ant-tunnel-park": "Dungeon: Ant Tunnel Park",
  "/map/mini-map/dungeon-the-grave-of-mushmom": "Dungeon: The Grave of Mushmom",
  "/map/mini-map/dungeon-cave-of-evil-eye-i": "Dungeon: Cave of Evil Eye I",
  "/map/mini-map/dungeon-cave-of-evil-eye-ii": "Dungeon: Cave of Evil Eye II",
  "/map/mini-map/dungeon-cave-of-evil-eye-iii": "Dungeon: Cave of Evil Eye III",
  "/map/mini-map/hidden-street-puppeteers-cave": "Hidden Street: Puppeteer's Cave",
  "/map/mini-map/dungeon-cave-of-evil-eye-iv": "Dungeon: Cave of Evil Eye IV",
  "/map/mini-map/dungeon-drake-hunting-ground": "Dungeon: Drake Hunting Ground",
  "/map/mini-map/dungeon-the-tunnel-that-lost-light-i": "Dungeon: The Tunnel That Lost Light I",
  "/map/mini-map/dungeon-the-tunnel-that-lost-light-ii": "Dungeon: The Tunnel That Lost Light II",
  "/map/mini-map/dungeon-another-entrance": "Dungeon: Another Entrance",
  "/map/mini-map/dungeon-drakes-meal-table": "Dungeon: Drake's Meal Table",
  "/map/mini-map/dungeon-wild-kargos-area": "Dungeon: Wild Kargo's Area",
  "/map/mini-map/dungeon-drake-area": "Dungeon: Drake Area",
  "/map/mini-map/dungeon-cold-cradle": "Dungeon: Cold Cradle",
  "/map/mini-map/dungeon-drakes-nest": "Dungeon: Drake's Nest",
  "/map/mini-map/mini-dungeon-drakes-blue-cave": "Mini Dungeon: Drake's Blue Cave",
  "/map/mini-map/dungeon-another-path": "Dungeon: Another Path",
  "/map/mini-map/dungeon-sanctuary-entrance-i": "Dungeon: Sanctuary Entrance I",
  "/map/mini-map/dungeon-sanctuary-entrance-ii": "Dungeon: Sanctuary Entrance II",
  "/map/mini-map/dungeon-sanctuary-entrance-iii": "Dungeon: Sanctuary Entrance III",
  "/map/mini-map/dungeon-sanctuary-entrance-iv": "Dungeon: Sanctuary Entrance IV",
  "/map/mini-map/dungeon-the-cursed-sanctuary": "Dungeon: The Cursed Sanctuary",
  "/map/mini-map/dungeon-stairway-to-the-underground-temple": "Dungeon: Stairway to the Underground Temple",
  "/map/mini-map/dungeon-bottom-of-the-temple": "Dungeon: Bottom of the Temple",
  "/map/mini-map/hidden-street-tristans-resting-place": "Hidden Street: Tristan's Resting Place",
  "/map/mini-map/orbis": "Orbis",
  "/map/mini-map/orbis-orbis-park": "Orbis: Orbis Park",
  "/map/mini-map/orbis-top-of-the-hill": "Orbis: Top of the Hill",
  "/map/mini-map/orbis-guild-headquarters-hall-of-fame": "Orbis: Guild Headquarters <Hall of Fame>",
  "/map/mini-map/orbis-orbis-station-enterence": "Orbis: Orbis Station Enterence",
  "/map/mini-map/orbis-cloud-park-i": "Orbis: Cloud Park I",
  "/map/mini-map/orbis-the-road-to-garden-of-3-colors": "Orbis: The Road to Garden of 3 Colors",
  "/map/mini-map/orbis-garden-of-red-i": "Orbis: Garden of Red I",
  "/map/mini-map/orbis-garden-of-red-ii": "Orbis: Garden of Red II",
  "/map/mini-map/orbis-garden-of-yellow-i": "Orbis: Garden of Yellow I",
  "/map/mini-map/orbis-garden-of-yellow-ii": "Orbis: Garden of Yellow II",
  "/map/mini-map/orbis-garden-of-green-i": "Orbis: Garden of Green I",
  "/map/mini-map/orbis-garden-of-green-ii": "Orbis: Garden of Green II",
  "/map/mini-map/orbis-stairway-to-the-sky-i": "Orbis: Stairway to the Sky I",
  "/map/mini-map/orbis-stairway-to-the-sky-ii": "Orbis: Stairway to the Sky II",
  "/map/mini-map/hidden-street-elizas-garden": "Hidden Street: Eliza's Garden",
  "/map/mini-map/orbis-garden-of-darkness-i": "Orbis:  Garden of Darkness I",
  "/map/mini-map/orbis-garden-of-darkness-ii": "Orbis: Garden of Darkness II",
  "/map/mini-map/orbis-cloud-park-ii": "Orbis: Cloud Park II",
  "/map/mini-map/orbis-strolling-path": "Orbis: Strolling Path",
  "/map/mini-map/orbis-cloud-park-iii": "Orbis: Cloud Park III",
  "/map/mini-map/orbis-disposed-flower-garden": "Orbis: Disposed Flower Garden",
  "/map/mini-map/orbis-cloud-park-iv": "Orbis: Cloud Park IV",
  "/map/mini-map/old-mans-house": "Old Man's House",
  "/map/mini-map/orbis-strolling-path-ii": "Orbis: Strolling Path II",
  "/map/mini-map/hidden-street-neglected-strolling-path": "Hidden Street: Neglected Strolling Path",
  "/map/mini-map/hidden-street-sealed-garden": "Hidden Street: Sealed Garden",
  "/map/mini-map/hidden-street-quiet-walk": "Hidden Street: Quiet Walk",
  "/map/mini-map/orbis-cloud-park-v": "Orbis: Cloud Park V",
  "/map/mini-map/orbis-cloud-park-vi": "Orbis: Cloud Park VI",
  "/map/mini-map/ereve": "Ereve",
  "/map/mini-map/knights-chamber": "Knights Chamber",
  "/map/mini-map/crossroads-of-ereve": "Crossroads of Ereve",
  "/map/mini-map/sky-ferry": "Sky Ferry",
  "/map/mini-map/training-forest-1": "Training Forest 1",
  "/map/mini-map/tinos-forest": "Tino's Forest",
  "/map/mini-map/tivs-forest": "Tiv's Forest",
  "/map/mini-map/training-forest-2": "Training Forest 2",
  "/map/mini-map/timus-forest": "Timu's Forest",
  "/map/mini-map/tirus-forest": "Tiru's Forest",
  "/map/mini-map/training-forest-3": "Training Forest 3",
  "/map/mini-map/tigurus-forest": "Tiguru's Forest",
  "/map/mini-map/kiridus-hatchery": "Kiridu's Hatchery",
  "/map/mini-map/entrance-to-the-drill-hall": "Entrance to the Drill Hall",
  "/map/mini-map/phantom-forest-haunted-house": "Phantom Forest: Haunted House",
  "/map/mini-map/phantom-forest-hollowed-ground": "Phantom Forest: Hollowed Ground",
  "/map/mini-map/phantom-forest-bent-tree": "Phantom Forest: Bent Tree",
  "/map/mini-map/phantom-forest-hidden-evil": "Phantom Forest: Hidden Evil",
  "/map/mini-map/phantom-forest-dead-mans-gorge": "Phantom Forest: Dead Man's Gorge",
  "/map/mini-map/phantom-forest-crossroads-1": "Phantom Forest: Crossroads 1",
  "/map/mini-map/phantom-forest-crossroads-2": "Phantom Forest: Crossroads 2",
  "/map/mini-map/phantom-forest-crossroads-3": "Phantom Forest: Crossroads 3",
  "/map/mini-map/phantom-forest-swamp-bog": "Phantom Forest: Swamp Bog",
  "/map/mini-map/phantom-forest-twisted-paths-1": "Phantom Forest: Twisted Paths 1",
  "/map/mini-map/phantom-forest-twisted-paths-2": "Phantom Forest: Twisted Paths 2",
  "/map/mini-map/phantom-forest-twisted-paths-3": "Phantom Forest: Twisted Paths 3",
  "/map/mini-map/phantom-forest-twisted-paths-4": "Phantom Forest: Twisted Paths 4",
  "/map/mini-map/phantom-forest-twisted-paths-5": "Phantom Forest: Twisted Paths 5",
  "/map/mini-map/phantom-forest-haunted-hill": "Phantom Forest: Haunted Hill",
  "/map/mini-map/phantom-forest-creeping-evil": "Phantom Forest: Creeping Evil",
  "/map/mini-map/phantom-forest-phantom-road": "Phantom Forest: Phantom Road",
  "/map/mini-map/phantom-forest-evil-rising": "Phantom Forest: Evil Rising",
  "/map/mini-map/phantom-forest-forgotten-path": "Phantom Forest: Forgotten Path",
  "/map/mini-map/phantom-forest-the-evil-dead": "Phantom Forest: The Evil Dead",
  "/map/mini-map/haunted-house-foyer": "Haunted House: Foyer",
  "/map/mini-map/haunted-house-hallway-where-am-i": "Haunted House: Hallway - Where am I?",
  "/map/mini-map/haunted-house-hallway": "Haunted House: Hallway",
  "/map/mini-map/haunted-house-toy-room-2": "Haunted House: Toy Room [2]",
  "/map/mini-map/haunted-house-hallway-where-are-you": "Haunted House: Hallway - Where are you?",
  "/map/mini-map/haunted-house-toy-room-3": "Haunted House: Toy Room [3]",
  "/map/mini-map/haunted-house-piano-room-3": "Haunted House: Piano Room [3]",
  "/map/mini-map/haunted-house-hallway-this-again": "Haunted House: Hallway - This Again?",
  "/map/mini-map/haunted-house-piano-room-4": "Haunted House: Piano Room [4]",
  "/map/mini-map/haunted-house-library": "Haunted House: Library",
  "/map/mini-map/haunted-house-toy-workshop": "Haunted House: Toy Workshop",
  "/map/mini-map/hidden-street-pumpkin-vault": "Hidden Street: Pumpkin Vault",
  "/map/mini-map/haunted-house-mansions-main-chimney": "Haunted House: Mansion's Main Chimney",
  "/map/mini-map/haunted-house-chimney-possessed-by-the-scarecrow": "Haunted House: Chimney Possessed by the Scarecrow",
  "/map/mini-map/haunted-house-chimney-possessed-by-the-clown": "Haunted House: Chimney Possessed by the Clown",
  "/map/mini-map/haunted-house-chimney-possessed-by-the-skeletons": "Haunted House: Chimney Possessed by the Skeletons",
  "/map/mini-map/singapore-ulu-city-entrance": "Singapore: Ulu City Entrance",
  "/map/mini-map/singapore-ulu-estate-i": "Singapore: Ulu Estate I",
  "/map/mini-map/singapore-ulu-estate-ii": "Singapore: Ulu Estate II",
  "/map/mini-map/singapore-ulu-estate-iii": "Singapore: Ulu Estate III",
  "/map/mini-map/singapore-along-ulu-city": "Singapore: Along Ulu City",
  "/map/mini-map/singapore-ulu-city-center": "Singapore: Ulu City Center",
  "/map/mini-map/singapore-destroyed-park-i": "Singapore: Destroyed Park I",
  "/map/mini-map/singapore-destroyed-park-ii": "Singapore: Destroyed Park II",
  "/map/mini-map/singapore-long-kiss-duku-good-night": "Singapore: Long Kiss Duku Good Night",
  "/map/mini-map/singapore-ruins-of-krexel-i": "Singapore: Ruins of Krexel I",
  "/map/mini-map/singapore-ruins-of-krexel-ii": "Singapore: Ruins of Krexel II",
  "/map/mini-map/singapore-changi-airport": "Singapore: Changi Airport",
  "/map/mini-map/singapore-cbd": "Singapore: CBD",
  "/map/mini-map/singapore-central-way-1": "Singapore: Central Way 1",
  "/map/mini-map/singapore-central-way-2": "Singapore: Central Way 2",
  "/map/mini-map/singapore-central-way-3": "Singapore: Central Way 3",
  "/map/mini-map/singapore-suburban-area-1": "Singapore: Suburban Area 1",
  "/map/mini-map/singapore-suburban-area-2": "Singapore: Suburban Area 2",
  "/map/mini-map/singapore-boat-quay-town": "Singapore: Boat Quay Town",
  "/map/mini-map/singapore-mysterious-path-1": "Singapore: Mysterious Path 1",
  "/map/mini-map/singapore-mysterious-path-2": "Singapore: Mysterious Path 2",
  "/map/mini-map/singapore-mysterious-path-3": "Singapore: Mysterious Path 3",
  "/map/mini-map/singapore-ghost-ship-1": "Singapore: Ghost Ship 1",
  "/map/mini-map/singapore-ghost-ship-2": "Singapore: Ghost Ship 2",
  "/map/mini-map/singapore-ghost-ship-3": "Singapore: Ghost Ship 3",
  "/map/mini-map/singapore-ghost-ship-4": "Singapore: Ghost Ship 4",
  "/map/mini-map/singapore-ghost-ship-5": "Singapore: Ghost Ship 5",
  "/map/mini-map/singapore-ghost-ship-6": "Singapore: Ghost Ship 6",
  "/map/mini-map/singapore-ghost-ship-7": "Singapore: Ghost Ship 7",
  "/map/mini-map/singapore-the-engine-room": "Singapore: The Engine Room",
  "/map/mini-map/mu-lung": "Mu Lung",
  "/map/mini-map/mu-lung-mu-lung-temple": "Mu Lung: Mu Lung Temple",
  "/map/mini-map/mu-lung-practice-field-beginner": "Mu Lung: Practice Field: Beginner",
  "/map/mini-map/mu-lung-practice-field-easy-level": "Mu Lung: Practice Field: Easy Level",
  "/map/mini-map/mu-lung-practice-field-normal-level": "Mu Lung: Practice Field: Normal Level",
  "/map/mini-map/mu-lung-practice-field-advanced-level": "Mu Lung: Practice Field: Advanced Level",
  "/map/mini-map/mu-lung-entrance-to-sky-forest": "Mu Lung: Entrance to Sky Forest",
  "/map/mini-map/mu-lung-sky-forest-the-train": "Mu Lung: Sky Forest: The Train",
  "/map/mini-map/mu-lung-deep-in-the-sky-forest": "Mu Lung: Deep in the Sky Forest",
  "/map/mini-map/mu-lung-snake-area": "Mu Lung: Snake Area",
  "/map/mini-map/mu-lung-wild-bear-area-1": "Mu Lung: Wild Bear Area 1",
  "/map/mini-map/mu-lung-wild-bear-area-2": "Mu Lung: Wild Bear Area 2",
  "/map/mini-map/mu-lung-wild-bear-area-3": "Mu Lung: Wild Bear Area 3",
  "/map/mini-map/mu-lung-territory-of-wandering-bear": "Mu Lung: Territory of Wandering Bear",
  "/map/mini-map/mu-lung-where-the-sky-forest-ends": "Mu Lung: Where the Sky Forest Ends",
  "/map/mini-map/mu-lung-peach-farm-1": "Mu Lung: Peach Farm 1",
  "/map/mini-map/mu-lung-foggy-forest": "Mu Lung: Foggy Forest",
  "/map/mini-map/mu-lung-virtuous-forest": "Mu Lung: Virtuous Forest",
  "/map/mini-map/mu-lung-goblin-forest-1": "Mu Lung: Goblin Forest 1",
  "/map/mini-map/mu-lung-goblin-forest-2": "Mu Lung: Goblin Forest 2",
  "/map/mini-map/hidden-street-forest-of-the-ghost-priest": "Hidden Street: Forest of the Ghost Priest",
  "/map/mini-map/mu-lung-peach-farm-2": "Mu Lung: Peach Farm 2",
  "/map/mini-map/mu-lung-peach-farm-3": "Mu Lung: Peach Farm 3",
  "/map/mini-map/aqua-road-deep-sea-gorge-i": "Aqua Road: Deep Sea Gorge I",
  "/map/mini-map/aqua-road-cartas-cave": "Aqua Road: Carta's Cave",
  "/map/mini-map/aqua-road-deep-sea-gorge-ii": "Aqua Road: Deep Sea Gorge II",
  "/map/mini-map/aqua-road-the-grave-of-a-wrecked-ship": "Aqua Road: The Grave of a Wrecked Ship",
  "/map/mini-map/aqua-road-a-small-wrecked-ship": "Aqua Road: A Small Wrecked Ship",
  "/map/mini-map/aqua-road-dangerous-sea-gorge-ii": "Aqua Road: Dangerous Sea Gorge II",
  "/map/mini-map/aqua-road-dangerous-sea-gorge-i": "Aqua Road: Dangerous Sea Gorge I",
  "/map/mini-map/aqua-road-the-dangerous-cave": "Aqua Road: The Dangerous Cave",
  "/map/mini-map/aqua-road-the-cave-of-pianus": "Aqua Road: The Cave of Pianus",
  "/map/mini-map/kerning-city": "Kerning City",
  "/map/mini-map/victoria-road-sunset-sky": "Victoria Road: Sunset Sky",
  "/map/mini-map/victoria-road-construction-site-north-of-kerning-city": "Victoria Road: Construction Site North of Kerning City",
  "/map/mini-map/hidden-street-northern-top-of-construction-site": "Hidden Street: Northern Top of Construction Site",
  "/map/mini-map/victoria-road-kerning-city-construction-site": "Victoria Road: Kerning City Construction Site",
  "/map/mini-map/hidden-street-caution-falling-down": "Hidden Street: Caution Falling Down",
  "/map/mini-map/victoria-road-l-forest-i": "Victoria Road: L Forest I",
  "/map/mini-map/victoria-road-l-forest-ii": "Victoria Road: L Forest II",
  "/map/mini-map/victoria-road-l-forest-iii": "Victoria Road: L Forest III",
  "/map/mini-map/victoria-road-kerning-city-middle-forest-i": "Victoria Road: Kerning City Middle Forest I",
  "/map/mini-map/victoria-road-kerning-city-middle-forest-ii": "Victoria Road: Kerning City Middle Forest II",
  "/map/mini-map/victoria-road-kerning-city-middle-forest-iii": "Victoria Road: Kerning City Middle Forest III",
  "/map/mini-map/warning-street-the-swamp-of-despair-i": "Warning Street: The Swamp of Despair I",
  "/map/mini-map/hidden-street-swamp-of-jr-necki": "Hidden Street: Swamp of Jr. Necki",
  "/map/mini-map/warning-street-the-swamp-of-despair-ii": "Warning Street: The Swamp of Despair II",
  "/map/mini-map/warning-street-the-swamp-of-despair-iii": "Warning Street: The Swamp of Despair III",
  "/map/mini-map/warning-street-dangerous-croko-i": "Warning Street: Dangerous Croko I",
  "/map/mini-map/warning-street-dangerous-croko-ii": "Warning Street: Dangerous Croko II",
  "/map/mini-map/hidden-street-monkey-swamp-i": "Hidden Street: Monkey Swamp I",
  "/map/mini-map/hidden-street-monkey-swamp-ii": "Hidden Street: Monkey Swamp II",
  "/map/mini-map/hidden-street-monkey-swamp-iii": "Hidden Street: Monkey Swamp III",
  "/map/mini-map/kerning-city-subway-line-1-area-1": "Kerning City Subway: Line 1 <Area 1>",
  "/map/mini-map/kerning-city-subway-transfer-area": "Kerning City Subway: Transfer Area",
  "/map/mini-map/kerning-city-subway-line-1-area-2": "Kerning City Subway: Line 1 <Area 2>",
  "/map/mini-map/kerning-city-subway-line-1-area-3": "Kerning City Subway: Line 1 <Area 3>",
  "/map/mini-map/kerning-city-subway-line-1-area-4": "Kerning City Subway: Line 1 <Area 4>",
  "/map/mini-map/kerning-city-subway-line-2-area-1": "Kerning City Subway: Line 2 <Area 1>",
  "/map/mini-map/kerning-city-subway-line-2-area-2": "Kerning City Subway: Line 2 <Area 2>",
  "/map/mini-map/kerning-city-subway-line-2-area-3": "Kerning City Subway: Line 2 <Area 3>",
  "/map/mini-map/victoria-road-kerning-city-back-alley": "Victoria Road: Kerning City Back Alley",
  "/map/mini-map/victoria-road-the-secret-garden-1st-floor": "Victoria Road: The Secret Garden 1st Floor",
  "/map/mini-map/victoria-road-the-secret-garden-2nd-floor": "Victoria Road: The Secret Garden 2nd Floor",
  "/map/mini-map/victoria-road-lady-syls-room": "Victoria Road: Lady Syl's Room",
  "/map/mini-map/victoria-road-the-secret-garden-basement": "Victoria Road: The Secret Garden Basement",
  "/map/mini-map/victoria-road-training-center-1": "Victoria Road: Training Center 1",
  "/map/mini-map/victoria-road-training-center-2": "Victoria Road: Training Center 2",
  "/map/mini-map/victoria-road-training-center-3": "Victoria Road: Training Center 3",
  "/map/mini-map/el-nath-sharp-cliff-i": "El Nath: Sharp Cliff I",
  "/map/mini-map/el-nath-sharp-cliff-ii": "El Nath: Sharp Cliff II",
  "/map/mini-map/hidden-street-holy-ground-at-the-snowfield": "Hidden Street: Holy Ground at the Snowfield",
  "/map/mini-map/el-nath-wolf-territory-i": "El Nath: Wolf Territory I",
  "/map/mini-map/el-nath-wolf-territory-ii": "El Nath: Wolf Territory II",
  "/map/mini-map/el-nath-dangerous-cliff": "El Nath: Dangerous Cliff",
  "/map/mini-map/el-nath-wolf-territory-iii": "El Nath: Wolf Territory III",
  "/map/mini-map/el-nath-wolf-territory-iv": "El Nath: Wolf Territory IV",
  "/map/mini-map/el-nath-wolf-territory-v": "El Nath: Wolf Territory V",
  "/map/mini-map/el-nath-forest-of-dead-trees-i": "El Nath: Forest of Dead Trees I",
  "/map/mini-map/el-nath-forest-of-dead-trees-ii": "El Nath: Forest of Dead Trees II",
  "/map/mini-map/el-nath-forest-of-dead-trees-iii": "El Nath: Forest of Dead Trees III",
  "/map/mini-map/el-nath-forest-of-dead-trees-iv": "El Nath: Forest of Dead Trees IV",
  "/map/mini-map/ariant-ariant-station-platform": "Ariant: Ariant Station Platform",
  "/map/mini-map/the-burning-road-ariant": "The Burning Road: Ariant",
  "/map/mini-map/ariant-the-town-of-ariant": "Ariant: The Town of Ariant",
  "/map/mini-map/ariant-ariant-castle": "Ariant: Ariant Castle",
  "/map/mini-map/ariant-castle-castle-garden": "Ariant Castle: Castle Garden",
  "/map/mini-map/ariant-castle-palace-hallway": "Ariant Castle: Palace Hallway",
  "/map/mini-map/ariant-castle-kings-room": "Ariant Castle: King's Room",
  "/map/mini-map/the-burning-sands-outside-north-entrance-of-ariant": "The Burning Sands: Outside North Entrance of Ariant",
  "/map/mini-map/the-burning-sands-north-desert-road-1": "The Burning Sands: North Desert Road 1",
  "/map/mini-map/sunset-road-north-desert-road-2": "Sunset Road: North Desert Road 2",
  "/map/mini-map/sunset-road-the-desert-of-red-sand": "Sunset Road: The Desert of Red Sand",
  "/map/mini-map/sunset-road-the-ruins-of-desert-nomads": "Sunset Road: The Ruins of Desert Nomads",
  "/map/mini-map/hidden-street-the-giant-of-the-sunset": "Hidden Street: The Giant of the Sunset",
  "/map/mini-map/the-burning-sands-outside-the-west-entrance-of-ariant": "The Burning Sands: Outside the West Entrance of Ariant",
  "/map/mini-map/hidden-street-jr-cactus-desert": "Hidden Street: Jr. Cactus Desert",
  "/map/mini-map/the-burning-sands-cactus-desert-1": "The Burning Sands: Cactus Desert 1",
  "/map/mini-map/the-burning-sands-cactus-desert-2": "The Burning Sands: Cactus Desert 2",
  "/map/mini-map/hidden-street-royal-cactus-desert": "Hidden Street: Royal Cactus Desert",
  "/map/mini-map/the-burning-sands-white-rock-desert": "The Burning Sands: White Rock Desert",
  "/map/mini-map/hidden-street-bellamoas-cave": "Hidden Street: Bellamoa's Cave",
  "/map/mini-map/the-burning-sands-the-scorching-desert": "The Burning Sands: The Scorching Desert",
  "/map/mini-map/hidden-street-rocky-hill": "Hidden Street: Rocky Hill",
  "/map/mini-map/hidden-street-red-scorpions-lair": "Hidden Street: Red Scorpion's Lair",
  "/map/mini-map/the-burning-sands-dry-desert": "The Burning Sands: Dry Desert",
  "/map/mini-map/hidden-street-frilled-field": "Hidden Street: Frilled Field",
  "/map/mini-map/the-burning-sands-tent-of-the-entertainers": "The Burning Sands: Tent of the Entertainers",
  "/map/mini-map/the-burning-sands-outside-east-entrance-of-ariant": "The Burning Sands: Outside East Entrance of Ariant",
  "/map/mini-map/zipangu-near-the-hideout": "Zipangu: Near the Hideout",
  "/map/mini-map/zipangu-parking-lot": "Zipangu: Parking Lot",
  "/map/mini-map/zipangu-finance-of-flaming-raccoon": "Zipangu: Finance of Flaming Raccoon",
  "/map/mini-map/zipangu-parlor": "Zipangu: Parlor",
  "/map/mini-map/zipangu-armory": "Zipangu: Armory",
  "/map/mini-map/zipangu-the-nightmarish-last-days": "Zipangu: The Nightmarish Last Days",
  "/map/mini-map/ludibrium-path-of-time": "Ludibrium: Path of Time",
  "/map/mini-map/ludibrium-warped-path-of-time-1": "Ludibrium: Warped Path of Time <1>",
  "/map/mini-map/ludibrium-warped-path-of-time-2": "Ludibrium: Warped Path of Time <2>",
  "/map/mini-map/ludibrium-warped-path-of-time-3": "Ludibrium: Warped Path of Time <3>",
  "/map/mini-map/hidden-street-unbalanced-time": "Hidden Street: Unbalanced Time",
  "/map/mini-map/ludibrium-warped-path-of-time-4": "Ludibrium: Warped Path of Time <4>",
  "/map/mini-map/hidden-street-twisted-time": "Hidden Street: Twisted Time",
  "/map/mini-map/ludibrium-warped-passage": "Ludibrium: Warped Passage",
  "/map/mini-map/ludibrium-forgotten-path-of-time-1": "Ludibrium: Forgotten Path of Time <1>",
  "/map/mini-map/ludibrium-forgotten-path-of-time-2": "Ludibrium: Forgotten Path of Time <2>",
  "/map/mini-map/ludibrium-forgotten-path-of-time-3": "Ludibrium: Forgotten Path of Time <3>",
  "/map/mini-map/hidden-street-lost-time": "Hidden Street: Lost Time",
  "/map/mini-map/ludibrium-forgotten-path-of-time-4": "Ludibrium: Forgotten Path of Time <4>",
  "/map/mini-map/hidden-street-forbidden-time": "Hidden Street: Forbidden Time",
  "/map/mini-map/ludibrium-forgotten-passage": "Ludibrium: Forgotten Passage",
  "/map/mini-map/ludibrium-deep-inside-of-watch-tower": "Ludibrium: Deep Inside of Watch Tower",
  "/map/mini-map/ludibrium-helios-tower-entrance": "Ludibrium: Helios Tower Entrance",
  "/map/mini-map/ludibrium-helios-tower-100th-floor": "Ludibrium: Helios Tower <100th Floor>",
  "/map/mini-map/ludibrium-helios-tower-99th-floor": "Ludibrium: Helios Tower <99th Floor>",
  "/map/mini-map/ludibrium-helios-tower-2nd-floor": "Ludibrium: Helios Tower <2nd Floor>",
  "/map/mini-map/ludibrium-helios-tower-library": "Ludibrium: Helios Tower <Library>",
  "/map/mini-map/korean-folk-town": "Korean Folk Town",
  "/map/mini-map/korean-folk-town-pond": "Korean Folk Town: Pond",
  "/map/mini-map/korean-folk-town-entrance-to-black-mountain": "Korean Folk Town: Entrance to Black Mountain",
  "/map/mini-map/korean-folk-town-black-mountain-corner": "Korean Folk Town: Black Mountain <Corner>",
  "/map/mini-map/korean-folk-town-a-small-well": "Korean Folk Town: A Small Well",
  "/map/mini-map/korean-folk-town-around-the-pond": "Korean Folk Town: Around the Pond",
  "/map/mini-map/korean-folk-town-tiger-forest-i": "Korean Folk Town: Tiger Forest I",
  "/map/mini-map/korean-folk-town-tiger-forest-ii": "Korean Folk Town: Tiger Forest II",
  "/map/mini-map/korean-folk-town-tiger-ridge": "Korean Folk Town: Tiger Ridge",
  "/map/mini-map/hidden-street-the-area-of-wild-hog": "Hidden Street: The Area of Wild Hog",
  "/map/mini-map/korean-folk-town-black-mountain-valley": "Korean Folk Town: Black Mountain <Valley>",
  "/map/mini-map/korean-folk-town-fox-ridge": "Korean Folk Town: Fox Ridge",
  "/map/mini-map/korean-folk-town-moon-ridge": "Korean Folk Town: Moon Ridge",
  "/map/mini-map/korean-folk-town-top-of-black-mountain": "Korean Folk Town: Top of Black Mountain",
  "/map/mini-map/hidden-street-haunted-house": "Hidden Street: Haunted House",
  "/map/mini-map/hidden-street-goblin-house": "Hidden Street: Goblin House",
  "/map/mini-map/malaysia-trend-zone-metropolis": "Malaysia: Trend Zone Metropolis",
  "/map/mini-map/malaysia-outskirt-of-muddy-banks": "Malaysia: Outskirt of Muddy Banks",
  "/map/mini-map/malaysia-muddy-banks-1": "Malaysia: Muddy Banks 1",
  "/map/mini-map/malaysia-muddy-banks-2": "Malaysia: Muddy Banks 2",
  "/map/mini-map/malaysia-muddy-banks-3": "Malaysia: Muddy Banks 3",
  "/map/mini-map/malaysia-kampung-village": "Malaysia: Kampung Village",
  "/map/mini-map/malaysia-hibiscus-road-1": "Malaysia: Hibiscus Road 1",
  "/map/mini-map/malaysia-hibiscus-road-2": "Malaysia: Hibiscus Road 2",
  "/map/mini-map/malaysia-fantasy-theme-park-1": "Malaysia: Fantasy Theme Park 1",
  "/map/mini-map/malaysia-fantasy-theme-park-2": "Malaysia: Fantasy Theme Park 2",
  "/map/mini-map/malaysia-fantasy-theme-park-3": "Malaysia: Fantasy Theme Park 3",
  "/map/mini-map/malaysia-entrance-to-the-spooky-world": "Malaysia: Entrance to the Spooky World",
  "/map/mini-map/malaysia-spooky-world": "Malaysia: Spooky World",
  "/map/mini-map/malaysia-longest-ride-on-byebye-station": "Malaysia: Longest Ride on ByeBye Station",
  "/map/mini-map/golden-temple-golden-temple": "Golden Temple : Golden Temple",
  "/map/mini-map/mini-dungeon-monkey-temple-1": "Mini Dungeon : Monkey Temple 1",
  "/map/mini-map/mini-dungeon-monkey-temple-2": "Mini Dungeon : Monkey Temple 2",
  "/map/mini-map/mini-dungeon-monkey-temple-3": "Mini Dungeon : Monkey Temple 3",
  "/map/mini-map/mini-dungeon-monkey-temple-4": "Mini Dungeon : Monkey Temple 4",
  "/map/mini-map/mini-dungeon-goblin-cave-1": "Mini Dungeon : Goblin Cave 1",
  "/map/mini-map/mini-dungeon-goblin-cave-2": "Mini Dungeon : Goblin Cave 2",
  "/map/mini-map/mini-dungeon-goblin-cave-3": "Mini Dungeon : Goblin Cave 3",
  "/map/mini-map/golden-temple-sealed-sanctuary-entrance": "Golden Temple : Sealed Sanctuary Entrance",
  "/map/mini-map/golden-temple-sanctuary-of-evil": "Golden Temple : Sanctuary of Evil",
  "/map/mini-map/golden-temple-sanctuary-exit": "Golden Temple : Sanctuary Exit",
  "/map/mini-map/el-nath-dead-mine-i": "El Nath: Dead Mine I",
  "/map/mini-map/el-nath-dead-mine-ii": "El Nath: Dead Mine II",
  "/map/mini-map/el-nath-dead-mine-iii": "El Nath: Dead Mine III",
  "/map/mini-map/el-nath-dead-mine-iv": "El Nath: Dead Mine IV",
  "/map/mini-map/el-nath-the-passage": "El Nath: The Passage",
  "/map/mini-map/el-nath-the-cave-of-trial-i": "El Nath: The Cave of Trial I",
  "/map/mini-map/el-nath-the-cave-of-trial-ii": "El Nath: The Cave of Trial II",
  "/map/mini-map/hidden-street-cave-within-the-cave": "Hidden Street: Cave Within the Cave",
  "/map/mini-map/el-nath-the-cave-of-trial-iii": "El Nath: The Cave of Trial III",
  "/map/mini-map/el-nath-the-door-to-zakum": "El Nath: The Door to Zakum",
  "/map/mini-map/orbis-entrance-to-orbis-tower": "Orbis: Entrance to Orbis Tower",
  "/map/mini-map/orbis-orbis-tower-20th-floor": "Orbis: Orbis Tower <20th floor>",
  "/map/mini-map/orbis-orbis-tower-19th-floor": "Orbis: Orbis Tower <19th floor>",
  "/map/mini-map/orbis-orbis-tower-18th-floor": "Orbis: Orbis Tower <18th Floor>",
  "/map/mini-map/orbis-orbis-tower-17th-floor": "Orbis: Orbis Tower <17th Floor>",
  "/map/mini-map/orbis-orbis-tower-16th-floor": "Orbis: Orbis Tower <16th Floor>",
  "/map/mini-map/orbis-orbis-tower-15th-floor": "Orbis: Orbis Tower <15th Floor>",
  "/map/mini-map/orbis-orbis-tower-14th-floor": "Orbis: Orbis Tower <14th Floor>",
  "/map/mini-map/orbis-orbis-tower-13th-floor": "Orbis: Orbis Tower <13th Floor>",
  "/map/mini-map/orbis-orbis-tower-12th-floor": "Orbis: Orbis Tower <12th Floor>",
  "/map/mini-map/orbis-orbis-tower-11th-floor": "Orbis: Orbis Tower <11th Floor>",
  "/map/mini-map/orbis-orbis-tower-10th-floor": "Orbis: Orbis Tower <10th Floor>",
  "/map/mini-map/orbis-orbis-tower-hidden-room": "Orbis: Orbis Tower <Hidden Room>",
  "/map/mini-map/orbis-orbis-tower-9th-floor": "Orbis: Orbis Tower <9th Floor>",
  "/map/mini-map/orbis-orbis-tower-8th-floor": "Orbis: Orbis Tower <8th Floor>",
  "/map/mini-map/orbis-orbis-tower-7th-floor": "Orbis: Orbis Tower <7th Floor>",
  "/map/mini-map/orbis-orbis-tower-6th-floor": "Orbis: Orbis Tower <6th Floor>",
  "/map/mini-map/orbis-orbis-tower-5th-floor": "Orbis: Orbis Tower <5th Floor>",
  "/map/mini-map/orbis-orbis-tower-4th-floor": "Orbis: Orbis Tower <4th Floor>",
  "/map/mini-map/orbis-orbis-tower-3rd-floor": "Orbis: Orbis Tower <3rd Floor>",
  "/map/mini-map/orbis-orbis-tower-2nd-floor": "Orbis: Orbis Tower <2nd Floor>",
  "/map/mini-map/orbis-orbis-tower-1st-floor": "Orbis: Orbis Tower <1st Floor>",
  "/map/mini-map/orbis-orbis-tower-b1": "Orbis: Orbis Tower <B1>",
  "/map/mini-map/orbis-orbis-tower-b2": "Orbis: Orbis Tower <B2>",
  "/map/mini-map/orbis-tower-hughs-laboratory": "Orbis Tower <Hugh's Laboratory>",
  "/map/mini-map/leafre-station": "Leafre: Station",
  "/map/mini-map/leafre-station-entrance": "Leafre: Station Entrance",
  "/map/mini-map/leafre": "Leafre",
  "/map/mini-map/leafre-leafre-east-forest": "Leafre: Leafre : East Forest",
  "/map/mini-map/leafre-minar-forest-east-border": "Leafre: Minar Forest : East Border",
  "/map/mini-map/leafre-beetle-forest": "Leafre: Beetle Forest",
  "/map/mini-map/leafre-entrance-to-sky-nest": "Leafre: Entrance to Sky Nest",
  "/map/mini-map/leafre-sky-nest-i": "Leafre: Sky Nest I",
  "/map/mini-map/leafre-sky-nest-ii": "Leafre: Sky Nest II",
  "/map/mini-map/leafre-valley-of-the-antelope": "Leafre: Valley of the Antelope",
  "/map/mini-map/leafre-forest-of-the-priest": "Leafre: Forest of the Priest",
  "/map/mini-map/leafre-battlefield-of-water-and-darkness": "Leafre: Battlefield of Water and Darkness",
  "/map/mini-map/leafre-the-area-of-blue-kentaurus": "Leafre: The Area of Blue Kentaurus",
  "/map/mini-map/leafre-manons-forest": "Leafre: Manon's Forest",
  "/map/mini-map/leafre-battlefield-of-fire-and-water": "Leafre: Battlefield of Fire and Water",
  "/map/mini-map/mini-dungeon-the-round-table-of-kentaurus": "Mini Dungeon: The Round Table of Kentaurus",
  "/map/mini-map/leafre-the-area-of-red-kentaurus": "Leafre: The Area of Red Kentaurus",
  "/map/mini-map/leafre-battlefield-of-fire-and-darkness": "Leafre: Battlefield of Fire and Darkness",
  "/map/mini-map/leafre-griffey-forest": "Leafre: Griffey Forest",
  "/map/mini-map/hidden-street-isolated-forest": "Hidden Street: Isolated Forest",
  "/map/mini-map/leafre-the-area-of-black-kentaurus": "Leafre: The Area of Black Kentaurus",
  "/map/mini-map/leafre-minar-forest-west-border": "Leafre: Minar Forest: West Border",
  "/map/mini-map/leafre-peach-monkey-forest": "Leafre: Peach Monkey Forest",
  "/map/mini-map/leafre-west-leafre-forest": "Leafre: West Leafre Forest",
  "/map/mini-map/leafre-cranky-forest": "Leafre: Cranky Forest",
  "/map/mini-map/leafre-steep-hill": "Leafre: Steep Hill",
  "/map/mini-map/leafre-forest-crossroad": "Leafre: Forest : Crossroad",
  "/map/mini-map/zipangu-outside-ninja-castle": "Zipangu: Outside Ninja Castle",
  "/map/mini-map/zipangu-inside-the-castle-gate": "Zipangu: Inside the Castle Gate",
  "/map/mini-map/zipangu-castle-corridor": "Zipangu: Castle Corridor",
  "/map/mini-map/zipangu-castle-corridor-2": "Zipangu: Castle Corridor [2]",
  "/map/mini-map/zipangu-castle-corridor-3": "Zipangu: Castle Corridor [3]",
  "/map/mini-map/zipangu-castle-corridor-4": "Zipangu: Castle Corridor [4]",
  "/map/mini-map/zipangu-castle-corridor-5": "Zipangu: Castle Corridor [5]",
  "/map/mini-map/zipangu-castle-corridor-6": "Zipangu: Castle Corridor [6]",
  "/map/mini-map/zipangu-castle-corridor-7": "Zipangu: Castle Corridor [7]",
  "/map/mini-map/zipangu-castle-corridor-8": "Zipangu: Castle Corridor [8]",
  "/map/mini-map/zipangu-castle-corridor-9": "Zipangu: Castle Corridor [9]",
  "/map/mini-map/zipangu-castle-corridor-10": "Zipangu: Castle Corridor [10]",
  "/map/mini-map/zipangu-castle-corridor-11": "Zipangu: Castle Corridor [11]",
  "/map/mini-map/zipangu-castle-corridor-12": "Zipangu: Castle Corridor [12]",
  "/map/mini-map/zipangu-phantoms-room": "Zipangu: Phantom's Room",
  "/map/mini-map/zipangu-phantoms-room-2": "Zipangu: Phantom's Room [2]",
  "/map/mini-map/zipangu-phantoms-room-3": "Zipangu: Phantom's Room [3]",
  "/map/mini-map/zipangu-phantoms-room-4": "Zipangu: Phantom's Room [4]",
  "/map/mini-map/zipangu-phantoms-room-5": "Zipangu: Phantom's Room [5]",
  "/map/mini-map/zipangu-phantoms-room-6": "Zipangu: Phantom's Room [6]",
  "/map/mini-map/zipangu-phantoms-room-7": "Zipangu: Phantom's Room [7]",
  "/map/mini-map/zipangu-phantoms-room-8": "Zipangu: Phantom's Room [8]",
  "/map/mini-map/zipangu-phantoms-room-9": "Zipangu: Phantom's Room [9]",
  "/map/mini-map/zipangu-phantoms-room-10": "Zipangu: Phantom's Room [10]",
  "/map/mini-map/zipangu-phantoms-room-11": "Zipangu: Phantom's Room [11]",
  "/map/mini-map/zipangu-phantoms-room-12": "Zipangu: Phantom's Room [12]",
  "/map/mini-map/zipangu-phantoms-room-13": "Zipangu: Phantom's Room [13]",
  "/map/mini-map/zipangu-phantoms-room-14": "Zipangu: Phantom's Room [14]",
  "/map/mini-map/zipangu-phantoms-room-15": "Zipangu: Phantom's Room [15]",
  "/map/mini-map/zipangu-phantoms-room-16": "Zipangu: Phantom's Room [16]",
  "/map/mini-map/zipangu-boudoir-1": "Zipangu: Boudoir 1",
  "/map/mini-map/zipangu-boudoir-2": "Zipangu: Boudoir 2",
  "/map/mini-map/zipangu-tower-room": "Zipangu: Tower Room",
  "/map/mini-map/el-nath-snowy-hill": "El Nath: Snowy Hill",
  "/map/mini-map/el-nath": "El Nath",
  "/map/mini-map/el-nath-el-nath-market": "El Nath: El Nath Market",
  "/map/mini-map/el-nath-chiefs-residence": "El Nath: Chief's Residence",
  "/map/mini-map/el-nath-watch-out-for-icy-path-i": "El Nath: Watch Out for Icy Path I",
  "/map/mini-map/el-nath-watch-out-for-icy-path-ii": "El Nath: Watch Out for Icy Path II",
  "/map/mini-map/el-nath-cold-field-i": "El Nath: Cold Field I",
  "/map/mini-map/el-nath-cold-field-ii": "El Nath: Cold Field II",
  "/map/mini-map/hidden-street-the-crown-flyer": "Hidden Street: The Crown-Flyer",
  "/map/mini-map/el-nath-icy-cold-field": "El Nath: Icy Cold Field",
  "/map/mini-map/el-nath-ice-valley-i": "El Nath: Ice Valley I",
  "/map/mini-map/hidden-street-valley-of-snowman": "Hidden Street: Valley of Snowman",
  "/map/mini-map/snow-souls-resting-place": "Snow Soul's Resting Place",
  "/map/mini-map/el-nath-ice-valley-ii": "El Nath: Ice Valley II",
  "/map/mini-map/ice-ravine-ice-ravine-entrance": "Ice Ravine: Ice Ravine Entrance",
  "/map/mini-map/ice-ravine-ice-ravine-backstreet": "Ice Ravine: Ice Ravine Backstreet",
  "/map/mini-map/ice-ravine-ice-ravine-1": "Ice Ravine: Ice Ravine 1",
  "/map/mini-map/ice-ravine-ice-ravine-2": "Ice Ravine: Ice Ravine 2",
  "/map/mini-map/ice-ravine-ice-ravine-3": "Ice Ravine: Ice Ravine 3",
  "/map/mini-map/ice-ravine-ice-ravine-4": "Ice Ravine: Ice Ravine 4",
  "/map/mini-map/ice-ravine-ice-ravine-5": "Ice Ravine: Ice Ravine 5",
  "/map/mini-map/ice-ravine-ancient-ice-cave": "Ice Ravine: Ancient Ice Cave",
  "/map/mini-map/ice-ravine-ravine-tomb": "Ice Ravine: Ravine Tomb",
  "/map/mini-map/ice-ravine-ice-cliff": "Ice Ravine: Ice Cliff",
  "/map/mini-map/zipangu-mushroom-shrine": "Zipangu: Mushroom Shrine",
  "/map/mini-map/zipangu-mushroom-forest": "Zipangu: Mushroom Forest",
  "/map/mini-map/zipangu-hall-of-mushroom": "Zipangu: Hall of Mushroom",
  "/map/mini-map/zipangu-crow-forest": "Zipangu: Crow Forest",
  "/map/mini-map/zipangu-crow-forest-2": "Zipangu: Crow Forest 2",
  "/map/mini-map/zipangu-the-mountain-of-cloud-fox": "Zipangu: The Mountain of Cloud Fox",
  "/map/mini-map/zipangu-a-night-in-the-forest": "Zipangu: A Night in the Forest",
  "/map/mini-map/zipangu-vanished-village": "Zipangu: Vanished Village",
  "/map/mini-map/zipangu-encounter-with-the-buddha": "Zipangu: Encounter with the Buddha",
  "/map/mini-map/zipangu-road-to-cemetery": "Zipangu: Road to Cemetery",
  "/map/mini-map/zipangu-a-desolate-cemetery": "Zipangu: A Desolate Cemetery",
  "/map/mini-map/zipangu-cemetery-full-of-ghosts": "Zipangu: Cemetery Full of Ghosts",
  "/map/mini-map/zipangu-wanwan-spa-of-hell": "Zipangu: WanWan Spa of Hell",
  "/map/mini-map/zipangu-forest-of-animals": "Zipangu: Forest of Animals",
  "/map/mini-map/zipangu-showa-street-3": "Zipangu: Showa Street 3",
  "/map/mini-map/zipangu-showa-street-2": "Zipangu: Showa Street 2",
  "/map/mini-map/zipangu-showa-street-1": "Zipangu: Showa Street 1",
  "/map/mini-map/zipangu-showa-town": "Zipangu: Showa Town",
  "/map/mini-map/zipangu-locker-room-m-locker-room-f": "Zipangu: Locker Room (M) / Locker Room (F)",
  "/map/mini-map/zipangu-spa-m-spa-f": "Zipangu: Spa (M) / Spa (F)",
  "/map/mini-map/zipangu-the-secret-spa-m-the-secret-spa-f": "Zipangu: The Secret Spa (M) / The Secret Spa (F)",
  "/map/mini-map/sunset-road-sahel-3": "Sunset Road: Sahel 3",
  "/map/mini-map/sunset-road-sahel-2": "Sunset Road: Sahel 2",
  "/map/mini-map/mini-dungeon-hill-of-sandstorms": "Mini Dungeon: Hill of Sandstorms",
  "/map/mini-map/sunset-road-sahel-1": "Sunset Road: Sahel 1",
  "/map/mini-map/sunset-road-the-desert-of-serenity": "Sunset Road: The Desert of Serenity",
  "/map/mini-map/sunset-road-the-desert-of-dreams": "Sunset Road: The Desert of Dreams",
  "/map/mini-map/sunset-road-magatia": "Sunset Road: Magatia",
  "/map/mini-map/magatia-alcadno-society": "Magatia: Alcadno Society",
  "/map/mini-map/magatia-alcadno-hidden-room": "Magatia: Alcadno - Hidden Room",
  "/map/mini-map/alcadno-research-institute-lab-center-gate": "Alcadno Research Institute: Lab - Center Gate",
  "/map/mini-map/alcadno-research-institute-lab-area-a-1": "Alcadno Research Institute: Lab - Area A-1",
  "/map/mini-map/alcadno-research-institute-lab-area-a-3": "Alcadno Research Institute: Lab - Area A-3",
  "/map/mini-map/alcadno-research-institute-lab-area-b-1": "Alcadno Research Institute: Lab - Area B-1",
  "/map/mini-map/alcadno-research-institute-lab-area-b-3": "Alcadno Research Institute: Lab - Area B-3",
  "/map/mini-map/alcadno-research-institute-lab-area-c-1": "Alcadno Research Institute: Lab - Area C-1",
  "/map/mini-map/alcadno-research-institute-lab-area-c-2": "Alcadno Research Institute: Lab - Area C-2",
  "/map/mini-map/alcadno-research-institute-lab-area-c-3": "Alcadno Research Institute: Lab - Area C-3",
  "/map/mini-map/hidden-street-critical-error": "Hidden Street: Critical Error",
  "/map/mini-map/hidden-street-authorized-personnel-only": "Hidden Street: Authorized Personnel Only",
  "/map/mini-map/hidden-street-the-unknown-underground-passage": "Hidden Street: The Unknown Underground Passage",
  "/map/mini-map/hidden-street-lab-secret-basement-path": "Hidden Street: Lab - Secret Basement Path",
  "/map/mini-map/hidden-street-black-magicians-lab": "Hidden Street: Black Magician's Lab",
  "/map/mini-map/magatia-zenumist-society": "Magatia: Zenumist Society",
  "/map/mini-map/magatia-zenumist-hidden-room": "Magatia: Zenumist - Hidden Room",
  "/map/mini-map/zenumist-research-institute-lab-1st-floor-hallway": "Zenumist Research Institute: Lab - 1st Floor Hallway",
  "/map/mini-map/zenumist-research-institute-lab-unit-101": "Zenumist Research Institute: Lab - Unit 101",
  "/map/mini-map/zenumist-research-institute-lab-unit-102": "Zenumist Research Institute: Lab - Unit 102",
  "/map/mini-map/zenumist-research-institute-lab-unit-103": "Zenumist Research Institute: Lab - Unit 103",
  "/map/mini-map/zenumist-research-institute-lab-2nd-floor-hallway": "Zenumist Research Institute: Lab - 2nd Floor Hallway",
  "/map/mini-map/zenumist-research-institute-lab-unit-201": "Zenumist Research Institute: Lab - Unit 201",
  "/map/mini-map/zenumist-research-institute-lab-unit-202": "Zenumist Research Institute: Lab - Unit 202",
  "/map/mini-map/zenumist-research-institute-lab-unit-203": "Zenumist Research Institute: Lab - Unit 203",
  "/map/mini-map/magatia-weapon-armor-shop": "Magatia: Weapon & Armor Shop",
  "/map/mini-map/magatia-home-of-the-missing-alchemist": "Magatia: Home of the Missing Alchemist",
  "/map/mini-map/magatia-yuletes-lab": "Magatia: Yulete's Lab",
  "/map/mini-map/some-day-in-the-present-osss-secret-base": "Some Day in the Present: OSSS Secret Base",
  "/map/mini-map/some-day-in-the-present-underground-passage-entrance": "Some Day in the Present: Underground Passage Entrance",
  "/map/mini-map/some-day-in-the-present-osss-secret-base-doctor-bings-room": "Some Day in the Present: OSSS Secret Base Doctor Bing's Room",
  "/map/mini-map/some-day-in-the-present-osss-secret-base-laboratory": "Some Day in the Present: OSSS Secret Base Laboratory",
  "/map/mini-map/some-day-in-the-present-secret-base-underground-passage": "Some Day in the Present: Secret Base Underground Passage",
  "/map/mini-map/some-day-in-the-present-deep-sea-spaceship-crash-site": "Some Day in the Present: Deep Sea Spaceship Crash Site",
  "/map/mini-map/some-day-in-the-present-fossil-mineral-mine": "Some Day in the Present: Fossil Mineral Mine",
  "/map/mini-map/some-day-in-the-present-processing-plant-delivery-route": "Some Day in the Present: Processing Plant Delivery Route",
  "/map/mini-map/some-day-in-the-present-processing-plant-defense-line": "Some Day in the Present: Processing Plant Defense Line",
  "/map/mini-map/some-day-in-the-present-underground-passage-assembly-area": "Some Day in the Present: Underground Passage Assembly Area",
  "/map/mini-map/some-day-in-the-present-end-of-the-delivery-route": "Some Day in the Present: End of the Delivery Route",
  "/map/mini-map/some-day-in-the-present-secure-defense-line": "Some Day in the Present: Secure Defense Line",
  "/map/mini-map/a-day-in-the-future-outskirts-of-future-henesys": "A Day in the Future: Outskirts of Future Henesys",
  "/map/mini-map/a-day-in-the-future-energy-laboratory": "A Day in the Future: Energy Laboratory",
  "/map/mini-map/a-day-in-the-future-energy-laboratory-2": "A Day in the Future: Energy Laboratory [2]",
  "/map/mini-map/crashed-spaceship-entrance-crashed-spaceship-entrance": "Crashed Spaceship Entrance: Crashed Spaceship Entrance",
  "/map/mini-map/some-day-in-the-present-doctor-bings-cube": "Some Day in the Present: Doctor Bing's Cube",
  "/map/mini-map/that-day-in-the-past-secret-base-underground-passage": "That Day in the Past: Secret Base Underground Passage",
  "/map/mini-map/that-day-in-the-past-fossil-mineral-mine": "That Day in the Past: Fossil Mineral Mine",
  "/map/mini-map/that-day-in-the-past-processing-plant-delivery-route": "That Day in the Past: Processing Plant Delivery Route",
  "/map/mini-map/that-day-in-the-past-processing-plant-defense-line": "That Day in the Past: Processing Plant Defense Line",
  "/map/mini-map/in-flight-way-to-temple-of-time": "In Flight: Way to Temple of Time",
  "/map/mini-map/time-lane-temple-of-time": "Time Lane: Temple of Time",
  "/map/mini-map/time-lane-three-doors": "Time Lane: Three Doors",
  "/map/mini-map/time-lane-past-of-the-verdure": "Time Lane: Past of the Verdure",
  "/map/mini-map/time-lane-memory-lane1": "Time Lane: Memory Lane1",
  "/map/mini-map/time-lane-resting-spot-of-memory1": "Time Lane: Resting Spot of Memory1",
  "/map/mini-map/time-lane-memory-keepers-room": "Time Lane: Memory Keeper's Room",
  "/map/mini-map/time-lane-memory-lane2": "Time Lane: Memory Lane2",
  "/map/mini-map/time-lane-resting-spot-of-memory2": "Time Lane: Resting Spot of Memory2",
  "/map/mini-map/time-lane-memory-lane3": "Time Lane: Memory Lane3",
  "/map/mini-map/time-lane-resting-spot-of-memory3": "Time Lane: Resting Spot of Memory3",
  "/map/mini-map/time-lane-memory-lane4": "Time Lane: Memory Lane4",
  "/map/mini-map/memory-keeper-resting-spot-of-memory4": "Memory Keeper: Resting Spot of Memory4",
  "/map/mini-map/time-lane-memory-lane5": "Time Lane: Memory Lane5",
  "/map/mini-map/time-lane-frozen-past": "Time Lane: Frozen Past",
  "/map/mini-map/time-lane-road-of-regrets1": "Time Lane: Road of Regrets1",
  "/map/mini-map/time-lane-resting-spot-of-regret1": "Time Lane: Resting Spot of Regret1",
  "/map/mini-map/time-lane-road-of-regrets2": "Time Lane: Road of Regrets2",
  "/map/mini-map/time-lane-resting-spot-of-regret2": "Time Lane: Resting Spot of Regret2",
  "/map/mini-map/time-lane-sorcerers-room": "Time Lane: Sorcerer's Room",
  "/map/mini-map/time-lane-road-of-regrets3": "Time Lane: Road of Regrets3",
  "/map/mini-map/time-lane-resting-spot-of-regret3": "Time Lane: Resting Spot of Regret3",
  "/map/mini-map/time-lane-road-of-regrets4": "Time Lane: Road of Regrets4",
  "/map/mini-map/time-lane-resting-spot-of-regret4": "Time Lane: Resting Spot of Regret4",
  "/map/mini-map/time-lane-road-of-regrets5": "Time Lane: Road of Regrets5",
  "/map/mini-map/time-lane-burning-past": "Time Lane: Burning Past",
  "/map/mini-map/time-lane-road-to-oblivion1": "Time Lane: Road to Oblivion1",
  "/map/mini-map/time-lane-resting-spot-of-oblivion1": "Time Lane: Resting Spot of Oblivion1",
  "/map/mini-map/time-lane-road-to-oblivion2": "Time Lane: Road to Oblivion2",
  "/map/mini-map/time-lane-resting-spot-of-oblivion2": "Time Lane: Resting Spot of Oblivion2",
  "/map/mini-map/time-lane-road-to-oblivion3": "Time Lane: Road to Oblivion3",
  "/map/mini-map/time-lane-resting-spot-of-oblivion3": "Time Lane: Resting Spot of Oblivion3",
  "/map/mini-map/time-lane-road-to-oblivion4": "Time Lane: Road to Oblivion4",
  "/map/mini-map/time-lane-resting-spot-of-oblivion4": "Time Lane: Resting Spot of Oblivion4",
  "/map/mini-map/time-lane-road-to-oblivion5": "Time Lane: Road to Oblivion5",
  "/map/mini-map/time-lane-record-keepers-room": "Time Lane: Record Keeper's Room",
  "/map/mini-map/deep-place-of-temple-broken-corridor": "Deep Place of Temple: Broken Corridor",
  "/map/mini-map/deep-place-of-temple-temple-ruins": "Deep Place of Temple: Temple Ruins",
  "/map/mini-map/deep-place-of-temple-forgotten-twilight": "Deep Place of Temple: Forgotten Twilight",
  "/map/mini-map/deep-place-of-temple-twilight-of-gods": "Deep Place of Temple: Twilight of Gods",
  "/map/mini-map/deep-place-of-temple-forgotten-twilight-2": "Deep Place of Temple: Forgotten Twilight [2]",
  "/map/mini-map/deep-place-of-temple-between-twilight-and-daybreak": "Deep Place of Temple: Between Twilight and Daybreak",
  "/map/mini-map/aqua-road-ocean-ic": "Aqua Road: Ocean I.C.",
  "/map/mini-map/hidden-street-penguins-play-ground": "Hidden Street: Penguin's Play Ground",
  "/map/mini-map/aqua-road-crystal-gorge": "Aqua Road: Crystal Gorge",
  "/map/mini-map/aqua-road-red-coral-forest": "Aqua Road: Red Coral Forest",
  "/map/mini-map/aqua-road-snowy-whales-island": "Aqua Road: Snowy Whale's Island",
  "/map/mini-map/aqua-road-turban-shell-hill": "Aqua Road: Turban Shell Hill",
  "/map/mini-map/aqua-road-forked-road-west-sea": "Aqua Road: Forked Road: West Sea",
  "/map/mini-map/aquarium": "Aquarium",
  "/map/mini-map/aquarium-department-store": "Aquarium: Department Store",
  "/map/mini-map/aquarium-the-center-hall": "Aquarium: The Center Hall",
  "/map/mini-map/aquarium-zoo": "Aquarium: Zoo",
  "/map/mini-map/aqua-road-forked-road-east-sea": "Aqua Road: Forked Road: East Sea",
  "/map/mini-map/aqua-road-the-seaweed-tower": "Aqua Road: The Seaweed Tower",
  "/map/mini-map/hidden-street-the-hidden-town": "Hidden Street: The Hidden Town",
  "/map/mini-map/aqua-road-sand-castle-playground": "Aqua Road: Sand Castle Playground",
  "/map/mini-map/aqua-road-two-palm-trees": "Aqua Road: Two Palm Trees",
  "/map/mini-map/aqua-road-big-fish-valley": "Aqua Road: Big Fish Valley",
  "/map/mini-map/aqua-road-blue-seaweed-road": "Aqua Road: Blue Seaweed Road",
  "/map/mini-map/hidden-street-fish-resting-spot": "Hidden Street: Fish Resting Spot",
  "/map/mini-map/aqua-road-mushroom-coral-hill": "Aqua Road: Mushroom Coral Hill",
  "/map/mini-map/aqua-road-tae-gongs-ferry": "Aqua Road: Tae Gong's Ferry",
  "/map/mini-map/aqua-road-the-sharp-unknown": "Aqua Road: The Sharp Unknown",
  "/map/mini-map/omega-sector-safety-zone": "Omega Sector: Safety Zone",
  "/map/mini-map/omega-sector": "Omega Sector",
  "/map/mini-map/omega-sector-hq": "Omega Sector: HQ",
  "/map/mini-map/omega-sector-command-center": "Omega Sector: Command Center",
  "/map/mini-map/omega-sector-silo": "Omega Sector: Silo",
  "/map/mini-map/omega-sector-tunnel": "Omega Sector: Tunnel",
  "/map/mini-map/omega-sector-off-limits": "Omega Sector: Off-Limits",
  "/map/mini-map/omega-sector-boswell-field-i": "Omega Sector: Boswell Field I",
  "/map/mini-map/omega-sector-boswell-field-ii": "Omega Sector: Boswell Field II",
  "/map/mini-map/omega-sector-boswell-field-iii": "Omega Sector: Boswell Field III",
  "/map/mini-map/hidden-street-mateon-field": "Hidden Street: Mateon Field",
  "/map/mini-map/omega-sector-boswell-field-iv": "Omega Sector: Boswell Field IV",
  "/map/mini-map/hidden-street-plateon-field": "Hidden Street: Plateon Field",
  "/map/mini-map/omega-sector-boswell-field-v": "Omega Sector: Boswell Field V",
  "/map/mini-map/hidden-street-mecateon-field": "Hidden Street: Mecateon Field",
  "/map/mini-map/omega-sector-boswell-field-vi": "Omega Sector: Boswell Field VI",
  "/map/mini-map/hidden-street-defeat-monsters": "Hidden Street: Defeat Monsters",
  "/map/mini-map/omega-sector-kulan-field-i": "Omega Sector: Kulan Field I",
  "/map/mini-map/omega-sector-kulan-field-ii": "Omega Sector: Kulan Field II",
  "/map/mini-map/omega-sector-kulan-field-iii": "Omega Sector: Kulan Field III",
  "/map/mini-map/hidden-street-barnard-field": "Hidden Street: Barnard Field",
  "/map/mini-map/omega-sector-kulan-field-iv": "Omega Sector: Kulan Field IV",
  "/map/mini-map/omega-sector-kulan-field-v": "Omega Sector: Kulan Field V",
  "/map/mini-map/hidden-street-entrance-to-dogons-hq": "Hidden Street: Entrance to Dogon's HQ",
  "/map/mini-map/hidden-street-dogons-hq": "Hidden Street: Dogon's HQ",
  "/map/mini-map/leafre-entrance-to-dragon-forest": "Leafre: Entrance to Dragon Forest",
  "/map/mini-map/leafre-dragon-forest-i": "Leafre: Dragon Forest I",
  "/map/mini-map/leafre-the-burning-forest": "Leafre: The Burning Forest",
  "/map/mini-map/leafre-the-forest-that-disappeared": "Leafre: The Forest That Disappeared",
  "/map/mini-map/hidden-street-the-hidden-dragon-tomb-i": "Hidden Street: The Hidden Dragon Tomb I",
  "/map/mini-map/hidden-street-the-hidden-dragon-tomb-ii": "Hidden Street: The Hidden Dragon Tomb II",
  "/map/mini-map/leafre-dragon-forest-ii": "Leafre: Dragon Forest II",
  "/map/mini-map/leafre-dragon-forest-iii": "Leafre: Dragon Forest III",
  "/map/mini-map/leafre-the-dragon-canyon": "Leafre: The Dragon Canyon",
  "/map/mini-map/leafre-canyon-crossroad": "Leafre: Canyon : CrossRoad",
  "/map/mini-map/leafre-canyon-east-road": "Leafre: Canyon : East Road",
  "/map/mini-map/hidden-street-blue-wyverns-nest": "Hidden Street: Blue Wyvern's Nest",
  "/map/mini-map/leafre-canyon-west-road": "Leafre: Canyon : West Road",
  "/map/mini-map/hidden-street-red-wyverns-nest": "Hidden Street: Red Wyvern's Nest",
  "/map/mini-map/leafre-wyvern-canyon": "Leafre: Wyvern Canyon",
  "/map/mini-map/leafre-entrance-to-dragon-nest": "Leafre: Entrance to Dragon Nest",
  "/map/mini-map/leafre-destroyed-dragon-nest": "Leafre: Destroyed Dragon Nest",
  "/map/mini-map/mini-dungeon-newt-secured-zone": "Mini Dungeon: Newt Secured Zone",
  "/map/mini-map/leafre-dangerous-dragon-nest": "Leafre: Dangerous Dragon Nest",
  "/map/mini-map/leafre-peak-of-the-big-nest": "Leafre: Peak of the Big Nest",
  "/map/mini-map/leafre-cave-of-life-entrance": "Leafre: Cave of Life - Entrance",
  "/map/mini-map/leafre-below-the-dangerous-nest": "Leafre: Below the Dangerous Nest",
  "/map/mini-map/leafre-nine-spirits-nest": "Leafre: Nine Spirit's Nest",
  "/map/mini-map/leafre-the-dragon-nest-left-behind": "Leafre: The Dragon Nest Left Behind",
  "/map/mini-map/mini-dungeon-the-restoring-memory": "Mini Dungeon: The Restoring Memory",
  "/map/mini-map/leafre-nest-of-a-dead-dragon": "Leafre: Nest of a Dead Dragon",
  "/map/mini-map/tera-forest-tera-forest-time-gate": "Tera Forest: Tera Forest Time Gate",
  "/map/mini-map/tera-forest-old-tree-in-tera-forest": "Tera Forest: Old Tree in Tera Forest",
  "/map/mini-map/neo-city-year-2021-average-town-entrance": "Neo City: <Year 2021> Average Town Entrance",
  "/map/mini-map/neo-city-year-2021-average-town-playground": "Neo City: <Year 2021> Average Town Playground",
  "/map/mini-map/neo-city-year-2021-average-town-outskirt": "Neo City: <Year 2021> Average Town Outskirt",
  "/map/mini-map/neo-city-year-2099-midnight-harbor-entrance": "Neo City: <Year 2099> Midnight Harbor Entrance",
  "/map/mini-map/neo-city-year-2099-midnight-harbor-loading-dock": "Neo City: <Year 2099> Midnight Harbor Loading Dock",
  "/map/mini-map/neo-city-year-2099-midnight-harbor-warehouse": "Neo City: <Year 2099> Midnight Harbor Warehouse",
  "/map/mini-map/neo-city-year-2009-midnight-harbor-pier": "Neo City: <Year 2009> Midnight Harbor Pier",
  "/map/mini-map/neo-city-year-2215-bombed-city-center-retail-district": "Neo City: <Year 2215> Bombed City Center Retail District",
  "/map/mini-map/neo-city-year-2215-bombed-city-center-overpass": "Neo City: <Year 2215> Bombed City Center Overpass",
  "/map/mini-map/neo-city-year-2215-bombed-city-center-shopping-district": "Neo City: <Year 2215> Bombed City Center Shopping District",
  "/map/mini-map/neo-city-year-2215-bombed-city-center-square": "Neo City: <Year 2215> Bombed City Center Square",
  "/map/mini-map/neo-city-year-2216-ruined-city-intersection": "Neo City: <Year 2216> Ruined City Intersection",
  "/map/mini-map/neo-city-year-2216-ruined-city-center": "Neo City: <Year 2216> Ruined City Center",
  "/map/mini-map/neo-city-year-2216-ruined-city-construction-site": "Neo City: <Year 2216> Ruined City Construction Site",
  "/map/mini-map/neo-city-year-2216-ruined-city-land-mark": "Neo City: <Year 2216> Ruined City Land Mark",
  "/map/mini-map/neo-city-year-2230-dangerous-tower-lobby": "Neo City: <Year 2230> Dangerous Tower Lobby",
  "/map/mini-map/neo-city-year-2230-dangerous-tower-ventilator": "Neo City: <Year 2230> Dangerous Tower Ventilator",
  "/map/mini-map/neo-city-year-2230-dangerous-tower-emergency-exit": "Neo City: <Year 2230> Dangerous Tower Emergency Exit",
  "/map/mini-map/neo-city-year-2230-dangerous-tower-penthouse": "Neo City: <Year 2230> Dangerous Tower Penthouse",
  "/map/mini-map/neo-city-year-2503-air-battleship-bow": "Neo City: <Year 2503> Air Battleship Bow",
  "/map/mini-map/neo-city-year-2503-air-battleship-area-a": "Neo City: <Year 2503> Air Battleship Area A",
  "/map/mini-map/neo-city-year-2503-air-battleship-area-b": "Neo City: <Year 2503> Air Battleship Area B",
  "/map/mini-map/neo-city-year-2503-air-battleship-stern": "Neo City: <Year 2503> Air Battleship Stern",
  "/map/mini-map/adobiss-mission-i-unknown-dead-mine": "Adobis's Mission I: Unknown Dead Mine",
  "/map/mini-map/adobiss-mission-i-area-1-1": "Adobis's Mission I: Area 1-1",
  "/map/mini-map/adobiss-mission-i-area-1-2": "Adobis's Mission I: Area 1-2",
  "/map/mini-map/adobiss-mission-i-area-2-1": "Adobis's Mission I: Area 2-1",
  "/map/mini-map/adobiss-mission-i-area-3-1": "Adobis's Mission I: Area 3-1",
  "/map/mini-map/adobiss-mission-i-area-3-2": "Adobis's Mission I: Area 3-2",
  "/map/mini-map/adobiss-mission-i-area-4-1": "Adobis's Mission I: Area 4-1",
  "/map/mini-map/adobiss-mission-i-area-4-2": "Adobis's Mission I: Area 4-2",
  "/map/mini-map/adobiss-mission-i-area-5-1": "Adobis's Mission I: Area 5-1",
  "/map/mini-map/adobiss-mission-i-area-6-1": "Adobis's Mission I: Area 6-1",
  "/map/mini-map/adobiss-mission-i-area-7-1": "Adobis's Mission I: Area 7-1",
  "/map/mini-map/adobiss-mission-i-area-7-2": "Adobis's Mission I: Area 7-2",
  "/map/mini-map/adobiss-mission-i-area-8-1": "Adobis's Mission I: Area 8-1",
  "/map/mini-map/adobiss-mission-i-area-8-2": "Adobis's Mission I: Area 8-2",
  "/map/mini-map/adobiss-mission-i-area-9-1": "Adobis's Mission I: Area 9-1",
  "/map/mini-map/adobiss-mission-i-area-9-2": "Adobis's Mission I: Area 9-2",
  "/map/mini-map/adobiss-mission-i-area-10-1": "Adobis's Mission I: Area 10-1",
  "/map/mini-map/adobiss-mission-i-area-10-2": "Adobis's Mission I: Area 10-2",
  "/map/mini-map/adobiss-mission-i-area-11-1": "Adobis's Mission I: Area 11-1",
  "/map/mini-map/adobiss-mission-i-area-12-1": "Adobis's Mission I: Area 12-1",
  "/map/mini-map/adobiss-mission-i-area-13-1": "Adobis's Mission I: Area 13-1",
  "/map/mini-map/adobiss-mission-i-area-14-1": "Adobis's Mission I: Area 14-1",
  "/map/mini-map/adobiss-mission-i-area-15-1": "Adobis's Mission I: Area 15-1",
  "/map/mini-map/adobiss-mission-i-area-16-a-dead-mine-somewhere": "Adobis's Mission I: Area 16 <A Dead Mine Somewhere>",
  "/map/mini-map/adobiss-mission-i-area-16-1": "Adobis's Mission I: Area 16-1",
  "/map/mini-map/adobiss-mission-i-area-16-2": "Adobis's Mission I: Area 16-2",
  "/map/mini-map/adobiss-mission-i-area-16-3": "Adobis's Mission I: Area 16-3",
  "/map/mini-map/adobiss-mission-i-area-16-4": "Adobis's Mission I: Area 16-4",
  "/map/mini-map/adobiss-mission-i-area-16-5": "Adobis's Mission I: Area 16-5",
  "/map/mini-map/adobiss-mission-i-area-16-6": "Adobis's Mission I: Area 16-6",
  "/map/mini-map/ludibrium": "Ludibrium",
  "/map/mini-map/ludibrium-terrace-hall": "Ludibrium: Terrace Hall",
  "/map/mini-map/ludibrium-cloud-terrace-1": "Ludibrium: Cloud Terrace <1>",
  "/map/mini-map/ludibrium-cloud-terrace-2": "Ludibrium: Cloud Terrace <2>",
  "/map/mini-map/ludibrium-cloud-terrace-3": "Ludibrium: Cloud Terrace <3>",
  "/map/mini-map/ludibrium-cloud-terrace-4": "Ludibrium: Cloud Terrace <4>",
  "/map/mini-map/ludibrium-cloud-terrace-5": "Ludibrium: Cloud Terrace <5>",
  "/map/mini-map/ludibrium-sky-terrace-1": "Ludibrium: Sky Terrace <1>",
  "/map/mini-map/ludibrium-sky-terrace-2": "Ludibrium: Sky Terrace <2>",
  "/map/mini-map/ludibrium-sky-terrace-3": "Ludibrium: Sky Terrace <3>",
  "/map/mini-map/ludibrium-sky-terrace-4": "Ludibrium: Sky Terrace <4>",
  "/map/mini-map/ludibrium-sky-terrace-5": "Ludibrium: Sky Terrace <5>",
  "/map/mini-map/ludibrium-toy-factory-main-process-1": "Ludibrium: Toy Factory <Main Process 1>",
  "/map/mini-map/ludibrium-toy-factory-process-1-zone-3": "Ludibrium: Toy Factory <Process 1> Zone 3",
  "/map/mini-map/ludibrium-toy-factory-process-1-zone-2": "Ludibrium: Toy Factory <Process 1> Zone 2",
  "/map/mini-map/ludibrium-toy-factory-process-1-zone-1": "Ludibrium: Toy Factory <Process 1> Zone 1",
  "/map/mini-map/ludibrium-toy-factory-process-1-zone-5": "Ludibrium: Toy Factory <Process 1> Zone 5",
  "/map/mini-map/ludibrium-toy-factory-process-1-zone-6": "Ludibrium: Toy Factory <Process 1> Zone 6",
  "/map/mini-map/ludibrium-toy-factory-aparatus-room": "Ludibrium: Toy Factory <Aparatus Room>",
  "/map/mini-map/ludibrium-toy-factory-main-process-2": "Ludibrium: Toy Factory <Main Process 2>",
  "/map/mini-map/ludibrium-toy-factory-process-2-zone-2": "Ludibrium: Toy Factory <Process 2> Zone 2",
  "/map/mini-map/ludibrium-toy-factory-process-2-zone-1": "Ludibrium: Toy Factory <Process 2> Zone 1",
  "/map/mini-map/ludibrium-toy-factory-process-2-zone-3": "Ludibrium: Toy Factory <Process 2> Zone 3",
  "/map/mini-map/hidden-street-secret-factory": "Hidden Street: Secret Factory",
  "/map/mini-map/ludibrium-toy-factory-process-2-zone-4": "Ludibrium: Toy Factory <Process 2> Zone 4",
  "/map/mini-map/ludibrium-crossroad-of-time": "Ludibrium: Crossroad of Time",
  "/map/mini-map/ludibrium-the-path-of-time-2": "Ludibrium: The Path of Time <2>",
  "/map/mini-map/ludibrium-the-path-of-time-1": "Ludibrium: The Path of Time <1>",
  "/map/mini-map/ludibrium-the-path-of-time-3": "Ludibrium: The Path of Time <3>",
  "/map/mini-map/ludibrium-the-path-of-time-4": "Ludibrium: The Path of Time <4>",
  "/map/mini-map/ludibrium-whirlpool-of-time": "Ludibrium: Whirlpool of Time",
  "/map/mini-map/ludibrium-lost-time-1": "Ludibrium: Lost Time <1>",
  "/map/mini-map/ludibrium-lost-time-2": "Ludibrium: Lost Time <2>",
  "/map/mini-map/ludibrium-ludibrium-village": "Ludibrium: Ludibrium Village",
  "/map/mini-map/ludibrium-ludibrium-ticketing-place": "Ludibrium: Ludibrium Ticketing Place",
  "/map/mini-map/ludibrium-station-orbis": "Ludibrium: Station <Orbis>",
  "/map/mini-map/ludibrium-ludibrium-pet-walkway": "Ludibrium: Ludibrium Pet Walkway",
  "/map/mini-map/ludibrium-eos-tower-entrance": "Ludibrium: Eos Tower Entrance",
  "/map/mini-map/ludibrium-eos-tower-100th-floor": "Ludibrium: Eos Tower 100th Floor",
  "/map/mini-map/ludibrium-eos-tower-101st-floor": "Ludibrium: Eos Tower 101st Floor",
  "/map/mini-map/ludibrium-eos-tower-99th-floor": "Ludibrium: Eos Tower 99th Floor",
  "/map/mini-map/ludibrium-eos-tower-98th-floor": "Ludibrium: Eos Tower 98th Floor",
  "/map/mini-map/ludibrium-eos-tower-97th-floor": "Ludibrium: Eos Tower 97th Floor",
  "/map/mini-map/ludibrium-eos-tower-96th-floor": "Ludibrium: Eos Tower 96th Floor",
  "/map/mini-map/ludibrium-eos-tower-95th-floor": "Ludibrium: Eos Tower 95th Floor",
  "/map/mini-map/ludibrium-eos-tower-94th-floor": "Ludibrium: Eos Tower 94th Floor",
  "/map/mini-map/ludibrium-eos-tower-93rd-floor": "Ludibrium: Eos Tower 93rd Floor",
  "/map/mini-map/ludibrium-eos-tower-92nd-floor": "Ludibrium: Eos Tower 92nd Floor",
  "/map/mini-map/ludibrium-eos-tower-91st-floor": "Ludibrium: Eos Tower 91st Floor",
  "/map/mini-map/ludibrium-eos-tower-76th-90th-floor": "Ludibrium: Eos Tower 76th ~ 90th Floor",
  "/map/mini-map/mini-dungeon-drummer-bunnys-lair": "Mini Dungeon: Drummer Bunny's Lair",
  "/map/mini-map/ludibrium-eos-tower-75th-floor": "Ludibrium: Eos Tower 75th Floor",
  "/map/mini-map/ludibrium-eos-tower-74th-floor": "Ludibrium: Eos Tower 74th Floor",
  "/map/mini-map/ludibrium-eos-tower-73rd-floor": "Ludibrium: Eos Tower 73rd Floor",
  "/map/mini-map/ludibrium-eos-tower-72nd-floor": "Ludibrium: Eos Tower 72nd Floor",
  "/map/mini-map/ludibrium-eos-tower-71st-floor": "Ludibrium: Eos Tower 71st Floor",
  "/map/mini-map/ludibrium-eos-tower-61st-70th-floor": "Ludibrium: Eos Tower 61st ~ 70th Floor",
  "/map/mini-map/ludibrium-eos-tower-60th-floor": "Ludibrium: Eos Tower 60th Floor",
  "/map/mini-map/ludibrium-eos-tower-59th-floor": "Ludibrium: Eos Tower 59th Floor",
  "/map/mini-map/ludibrium-eos-tower-58th-floor": "Ludibrium: Eos Tower 58th Floor",
  "/map/mini-map/ludibrium-eos-tower-57th-floor": "Ludibrium: Eos Tower 57th Floor",
  "/map/mini-map/ludibrium-eos-tower-56th-floor": "Ludibrium: Eos Tower 56th Floor",
  "/map/mini-map/ludibrium-eos-tower-46th-55th-floor": "Ludibrium: Eos Tower 46th ~ 55th Floor",
  "/map/mini-map/ludibrium-eos-tower-45th-floor": "Ludibrium: Eos Tower 45th Floor",
  "/map/mini-map/ludibrium-eos-tower-44th-floor": "Ludibrium: Eos Tower 44th Floor",
  "/map/mini-map/ludibrium-eos-tower-43rd-floor": "Ludibrium: Eos Tower 43rd Floor",
  "/map/mini-map/ludibrium-eos-tower-42nd-floor": "Ludibrium: Eos Tower 42nd Floor",
  "/map/mini-map/ludibrium-eos-tower-41st-floor": "Ludibrium: Eos Tower 41st Floor",
  "/map/mini-map/ludibrium-eos-tower-26th-40th-floor": "Ludibrium: Eos Tower 26th ~ 40th Floor",
  "/map/mini-map/ludibrium-eos-tower-25th-floor": "Ludibrium: Eos Tower 25th Floor",
  "/map/mini-map/ludibrium-eos-tower-24th-floor": "Ludibrium: Eos Tower 24th Floor",
  "/map/mini-map/ludibrium-eos-tower-23rd-floor": "Ludibrium: Eos Tower 23rd Floor",
  "/map/mini-map/ludibrium-eos-tower-22nd-floor": "Ludibrium: Eos Tower 22nd Floor",
  "/map/mini-map/ludibrium-eos-tower-21st-floor": "Ludibrium: Eos Tower 21st Floor",
  "/map/mini-map/ludibrium-eos-tower-11th-20th-floor": "Ludibrium: Eos Tower 11th ~ 20th Floor",
  "/map/mini-map/ludibrium-eos-tower-10th-floor": "Ludibrium: Eos Tower 10th Floor",
  "/map/mini-map/ludibrium-eos-tower-9th-floor": "Ludibrium: Eos Tower 9th Floor",
  "/map/mini-map/ludibrium-eos-tower-8th-floor": "Ludibrium: Eos Tower 8th Floor",
  "/map/mini-map/hidden-street-hidden-tower": "Hidden Street: Hidden Tower",
  "/map/mini-map/ludibrium-eos-tower-7th-floor": "Ludibrium: Eos Tower 7th Floor",
  "/map/mini-map/ludibrium-eos-tower-6th-floor": "Ludibrium: Eos Tower 6th Floor",
  "/map/mini-map/ludibrium-eos-tower-5th-floor": "Ludibrium: Eos Tower 5th Floor",
  "/map/mini-map/ludibrium-eos-tower-4th-floor": "Ludibrium: Eos Tower 4th Floor",
  "/map/mini-map/ludibrium-eos-tower-3rd-floor": "Ludibrium: Eos Tower 3rd Floor",
  "/map/mini-map/ludibrium-eos-tower-2nd-floor": "Ludibrium: Eos Tower 2nd Floor",
  "/map/mini-map/ludibrium-eos-tower-1st-floor": "Ludibrium: Eos Tower 1st Floor"
}