[
    {
        "URL": "https://www.hidden-street.net/gms/map/lioncastle/lion-kings-castle-castle-entrance",
        "mapName": "Lion King's Castle: Castle Entrance"
    },
    {
        "URL": "https://www.hidden-street.net/gms/map/lioncastle/lion-kings-castle-under-the-castle-walls-1",
        "mapName": "Lion King's Castle: Under the Castle Walls 1"
    },
    {
        "URL": "https://www.hidden-street.net/gms/map/lioncastle/lion-kings-castle-first-tower",
        "mapName": "Lion King's Castle: First Tower"
    },
    {
        "URL": "https://www.hidden-street.net/gms/map/lioncastle/lion-kings-castle-roof-of-the-first-tower",
        "mapName": "Lion King's Castle: Roof of the First Tower"
    },
    {
        "URL": "https://www.hidden-street.net/gms/map/lioncastle/lion-kings-castle-under-the-castle-walls-2",
        "mapName": "Lion King's Castle: Under the Castle Walls 2"
    },
    {
        "URL": "https://www.hidden-street.net/gms/map/lioncastle/lion-kings-castle-second-tower",
        "mapName": "Lion King's Castle: Second Tower"
    },
    {
        "URL": "https://www.hidden-street.net/gms/map/lioncastle/lion-kings-castle-roof-of-the-second-tower",
        "mapName": "Lion King's Castle: Roof of the Second Tower"
    },
    {
        "URL": "https://www.hidden-street.net/gms/map/lioncastle/lion-kings-castle-short-castle-walls-1",
        "mapName": "Lion King's Castle: Short Castle Walls 1"
    },
    {
        "URL": "https://www.hidden-street.net/gms/map/lioncastle/lion-kings-castle-under-the-castle-walls-3",
        "mapName": "Lion King's Castle: Under the Castle Walls 3"
    },
    {
        "URL": "https://www.hidden-street.net/gms/map/lioncastle/lion-kings-castle-third-tower",
        "mapName": "Lion King's Castle: Third Tower"
    },
    {
        "URL": "https://www.hidden-street.net/gms/map/lioncastle/lion-kings-castle-roof-of-the-third-tower",
        "mapName": "Lion King's Castle: Roof of the Third Tower"
    },
    {
        "URL": "https://www.hidden-street.net/gms/map/lioncastle/lion-kings-castle-short-castle-walls-2",
        "mapName": "Lion King's Castle: Short Castle Walls 2"
    },
    {
        "URL": "https://www.hidden-street.net/gms/map/lioncastle/lion-kings-castle-tall-castle-walls-1",
        "mapName": "Lion King's Castle: Tall Castle Walls 1"
    },
    {
        "URL": "https://www.hidden-street.net/gms/map/lioncastle/lion-kings-castle-under-the-castle-walls-4",
        "mapName": "Lion King's Castle: Under the Castle Walls 4"
    },
    {
        "URL": "https://www.hidden-street.net/gms/map/lioncastle/lion-kings-castle-fourth-tower",
        "mapName": "Lion King's Castle: Fourth Tower"
    },
    {
        "URL": "https://www.hidden-street.net/gms/map/lioncastle/lion-kings-castle-roof-of-the-fourth-tower",
        "mapName": "Lion King's Castle: Roof of the Fourth Tower"
    },
    {
        "URL": "https://www.hidden-street.net/gms/map/lioncastle/lion-kings-castle-very-tall-castle-walls",
        "mapName": "Lion King's Castle: Very Tall Castle Walls"
    },
    {
        "URL": "https://www.hidden-street.net/gms/map/lioncastle/lion-kings-castle-tall-castle-walls-2",
        "mapName": "Lion King's Castle: Tall Castle Walls 2"
    },
    {
        "URL": "https://www.hidden-street.net/gms/map/lioncastle/lion-kings-castle-short-castle-walls-3",
        "mapName": "Lion King's Castle: Short Castle Walls 3"
    },
    {
        "URL": "https://www.hidden-street.net/gms/map/lioncastle/lion-kings-castle-under-the-castle-walls-5",
        "mapName": "Lion King's Castle: Under the Castle Walls 5"
    },
    {
        "URL": "https://www.hidden-street.net/gms/map/lioncastle/lion-kings-castle-fifth-tower",
        "mapName": "Lion King's Castle: Fifth Tower"
    },
    {
        "URL": "https://www.hidden-street.net/gms/map/lioncastle/lion-kings-castle-roof-of-the-fifth-tower",
        "mapName": "Lion King's Castle: Roof of the Fifth Tower"
    },
    {
        "URL": "https://www.hidden-street.net/gms/map/lioncastle/lion-kings-castle-audience-room-corrido",
        "mapName": "Lion King's Castle: Audience Room Corrido"
    }
]