[
    {
        "map_id": "230010000",
        "bbb_url": "https://bbb.hidden-street.net/map/mini-map/aqua-road-ocean-ic"
    },
    {
        "map_id": "105070100",
        "bbb_url": "https://bbb.hidden-street.net/map/mini-map/dungeon-cave-of-evil-eye-i"
    },
    {
        "map_id": "105070200",
        "bbb_url": "https://bbb.hidden-street.net/map/mini-map/dungeon-cave-of-evil-eye-ii"
    },
    {
        "map_id": "105070300",
        "bbb_url": "https://bbb.hidden-street.net/map/mini-map/dungeon-cave-of-evil-eye-iii"
    },
    {
        "map_id": "105070400",
        "bbb_url": "https://bbb.hidden-street.net/map/mini-map/dungeon-cave-of-evil-eye-iv"
    },
    {
        "map_id": "105040306",
        "bbb_url": "https://bbb.hidden-street.net/map/mini-map/dungeon-the-forest-of-golem"
    },
    {
        "map_id": "110030001",
        "bbb_url": "https://bbb.hidden-street.net/map/mini-map/hidden-street-clang-and-lorang"
    },
    {
        "map_id": "110000000",
        "bbb_url": "https://bbb.hidden-street.net/map/mini-map/florina-beach"
    },
    {
        "map_id": "240040100",
        "bbb_url": "https://bbb.hidden-street.net/map/mini-map/leafre-canyon-crossroad"
    },
    {
        "map_id": "240040200",
        "bbb_url": "https://bbb.hidden-street.net/map/mini-map/leafre-canyon-east-road"
    },
    {
        "map_id": "240040300",
        "bbb_url": "https://bbb.hidden-street.net/map/mini-map/leafre-canyon-west-road"
    },
    {
        "map_id": "240010400",
        "bbb_url": "https://bbb.hidden-street.net/map/mini-map/leafre-forest-crossroad"
    },
    {
        "map_id": "240011000",
        "bbb_url": "https://bbb.hidden-street.net/map/mini-map/leafre-leafre-east-forest"
    },
    {
        "map_id": "240010900",
        "bbb_url": "https://bbb.hidden-street.net/map/mini-map/leafre-minar-forest-east-border"
    },
    {
        "map_id": "610010200",
        "bbb_url": "https://bbb.hidden-street.net/map/mini-map/phantom-forest-crossroads-1"
    },
    {
        "map_id": "610010100",
        "bbb_url": "https://bbb.hidden-street.net/map/mini-map/phantom-forest-twisted-paths-1"
    },
    {
        "map_id": "100040001",
        "bbb_url": "https://bbb.hidden-street.net/map/mini-map/dungeon-southern-forest-i"
    },
    {
        "map_id": "100040002",
        "bbb_url": "https://bbb.hidden-street.net/map/mini-map/dungeon-southern-forest-ii"
    },
    {
        "map_id": "100040003",
        "bbb_url": "https://bbb.hidden-street.net/map/mini-map/dungeon-southern-forest-iii"
    },
    {
        "map_id": "100040004",
        "bbb_url": "https://bbb.hidden-street.net/map/mini-map/dungeon-southern-forest-iv"
    },
    {
        "map_id": "101000000",
        "bbb_url": "https://bbb.hidden-street.net/map/mini-map/ellinia"
    },
    {
        "map_id": "100000000",
        "bbb_url": "https://bbb.hidden-street.net/map/mini-map/henesys"
    },
    {
        "map_id": "103000000",
        "bbb_url": "https://bbb.hidden-street.net/map/mini-map/kerning-city"
    },
    {
        "map_id": "104000000",
        "bbb_url": "https://bbb.hidden-street.net/map/mini-map/lith-harbor"
    },
    {
        "map_id": "102000000",
        "bbb_url": "https://bbb.hidden-street.net/map/mini-map/perion"
    },
    {
        "map_id": "100040000",
        "bbb_url": "https://bbb.hidden-street.net/map/mini-map/victoria-road-the-forest-south-of-ellinia"
    },
    {
        "map_id": "101020009",
        "bbb_url": "https://bbb.hidden-street.net/map/mini-map/victoria-road-tree-dungeon-forest-up-north-viii"
    },
    {
        "map_id": "100040102",
        "bbb_url": "https://bbb.hidden-street.net/map/mini-map/hidden-street-tree-dungeon-monkey-forest-i"
    },
    {
        "map_id": "809000201",
        "bbb_url": "https://bbb.hidden-street.net/map/mini-map/zipangu-spa-m-spa-f"
    },
    {
        "map_id": "809000101",
        "bbb_url": "https://bbb.hidden-street.net/map/mini-map/zipangu-spa-m-spa-f"
    },
    {
        "map_id": "801000210",
        "bbb_url": "https://bbb.hidden-street.net/map/mini-map/zipangu-the-secret-spa-m-the-secret-spa-f"
    },
    {
        "map_id": "801000110",
        "bbb_url": "https://bbb.hidden-street.net/map/mini-map/zipangu-the-secret-spa-m-the-secret-spa-f"
    },
    {
        "map_id": "240010100",
        "bbb_url": "https://bbb.hidden-street.net/map/mini-map/leafre-minar-forest-west-border"
    },
    {
        "map_id": "50000",
        "bbb_url": "https://www.hidden-street.net/gms/map/mushroomvillage/maple-road-a-split-road"
    },
    {
        "map_id": "30000",
        "bbb_url": "https://www.hidden-street.net/gms/map/mushroomvillage/maple-road-east-entrance-to-mushroom-town"
    },
    {
        "map_id": "0",
        "bbb_url": "https://www.hidden-street.net/gms/map/mushroomvillage/maple-road-entrance-mushroom-town-training-camp"
    },
    {
        "map_id": "2",
        "bbb_url": "https://www.hidden-street.net/gms/map/maple-road-lower-level-of-the-training-camp"
    },
    {
        "map_id": "40000",
        "bbb_url": "https://www.hidden-street.net/gms/map/mushroomvillage/maple-road-snail-hunting-ground-i"
    },
    {
        "map_id": "40001",
        "bbb_url": "https://www.hidden-street.net/gms/map/mushroomvillage/maple-road-snail-hunting-ground-ii"
    },
    {
        "map_id": "40002",
        "bbb_url": "https://www.hidden-street.net/gms/map/mushroomvillage/maple-road-snail-hunting-ground-iii"
    },
    {
        "map_id": "50001",
        "bbb_url": "https://www.hidden-street.net/gms/map/southperry/maple-road-the-field-west-of-southperry"
    },
    {
        "map_id": "1",
        "bbb_url": "https://www.hidden-street.net/gms/map/maple-road-upper-level-of-the-training-camp"
    },
    {
        "map_id": "1010002",
        "bbb_url": "https://www.hidden-street.net/gms/map/rainbow-street-amherst-townstreet"
    },
    {
        "map_id": "1000002",
        "bbb_url": "https://bbb.hidden-street.net/map/mini-map/maple-road-dangerous-forest"
    },
    {
        "map_id": "1000005",
        "bbb_url": "https://www.hidden-street.net/gms/map/amherst/rainbow-street-hunting-ground-middle-of-the-forest-i"
    },
    {
        "map_id": "1000006",
        "bbb_url": "https://www.hidden-street.net/gms/map/amherst/rainbow-street-hunting-ground-middle-of-the-forest-ii"
    },
    {
        "map_id": "1000001",
        "bbb_url": "https://www.hidden-street.net/gms/map/amherst/rainbow-street-in-a-small-forest"
    },
    {
        "map_id": "1000003",
        "bbb_url": "https://www.hidden-street.net/gms/map/amherst/rainbow-street-mushroom-garden"
    },
    {
        "map_id": "1010004",
        "bbb_url": "https://bbb.hidden-street.net/map/mini-map/maple-road-snail-field-of-flowers"
    },
    {
        "map_id": "1000004",
        "bbb_url": "https://bbb.hidden-street.net/map/mini-map/maple-road-snail-garden"
    },
    {
        "map_id": "1020000",
        "bbb_url": "https://www.hidden-street.net/gms/map/amherst/rainbow-street-the-field-east-of-amherst"
    },
    {
        "map_id": "1000000",
        "bbb_url": "https://www.hidden-street.net/gms/map/amherst/rainbow-street-the-field-west-of-amherst"
    },
    {
        "map_id": "1020001",
        "bbb_url": "https://www.hidden-street.net/gms/map/amherst/rainbow-street-tomato-field"
    },
    {
        "map_id": "100030001",
        "bbb_url": "https://bbb.hidden-street.net/map/mini-map/hidden-street-blue-mushroom-forest"
    },
    {
        "map_id": "106010000",
        "bbb_url": "https://bbb.hidden-street.net/map/mini-map/warning-street-road-to-the-dungeon"
    },
    {
        "map_id": "910220000",
        "bbb_url": "https://www.hidden-street.net/gms/map/perion/victoria-road-warrior-training-center"
    },
    {
        "map_id": "910310000",
        "bbb_url": "https://www.hidden-street.net/gms/map/kerningcity/victoria-road-thief-training-center"
    },
    {
        "map_id": "910120000",
        "bbb_url": "https://www.hidden-street.net/gms/map/ellinia/victoria-road-magician-training-center"
    },
    {
        "map_id": "912030000",
        "bbb_url": "https://www.hidden-street.net/gms/map/nautilus/victoria-road-pirate-training-center"
    },
    {
        "map_id": "910060000",
        "bbb_url": "https://www.hidden-street.net/gms/map/henesys/victoria-road-bowman-training-center"
    },
    {
        "map_id": "103000902",
        "bbb_url": "https://www.hidden-street.net/gms/map/quest/line-3-construction-site-b1-1"
    },
    {
        "map_id": "260010001",
        "bbb_url": "https://bbb.hidden-street.net/map/mini-map/hidden-street-jr-cactus-desert"
    },
    {
        "map_id": "260010201",
        "bbb_url": "https://bbb.hidden-street.net/map/mini-map/hidden-street-royal-cactus-desert"
    },
    {
        "map_id": "101040001",
        "bbb_url": "https://bbb.hidden-street.net/map/mini-map/hidden-street-the-land-of-wild-boar-i"
    },
    {
        "map_id": "107000001",
        "bbb_url": "https://bbb.hidden-street.net/map/mini-map/hidden-street-swamp-of-jr-necki"
    },
    {
        "map_id": "106000001",
        "bbb_url": "https://bbb.hidden-street.net/map/mini-map/hidden-street-dangerous-valley-i"
    },
    {
        "map_id": "101040001",
        "bbb_url": "https://bbb.hidden-street.net/map/mini-map/hidden-street-the-land-of-wild-boar-i"
    },
    {
        "map_id": "222020300",
        "bbb_url": "https://bbb.hidden-street.net/map/mini-map/ludibrium-helios-tower-100th-floor"
    },
    {
        "map_id": "100040103",
        "bbb_url": "https://bbb.hidden-street.net/map/mini-map/hidden-street-monkey-forest-ii"
    },
    {
        "map_id": "610010104",
        "bbb_url": "https://bbb.hidden-street.net/map/mini-map/phantom-forest-twisted-paths-4"
    },
    {
        "map_id": "610010103",
        "bbb_url": "https://bbb.hidden-street.net/map/mini-map/phantom-forest-twisted-paths-3"
    },
    {
        "map_id": "610010102",
        "bbb_url": "https://bbb.hidden-street.net/map/mini-map/phantom-forest-twisted-paths-2"
    },
    {
        "map_id": "610010101",
        "bbb_url": "https://bbb.hidden-street.net/map/mini-map/phantom-forest-twisted-paths-1"
    },
    {
        "map_id": "103000905",
        "bbb_url": "https://www.hidden-street.net/gms/map/quest/line-3-construction-site-b2-1"
    },
    {
        "map_id": "103000909",
        "bbb_url": "https://www.hidden-street.net/gms/map/quest/line-3-construction-site-b3-2"
    },
    {
        "map_id": "105090301",
        "bbb_url": "https://bbb.hidden-street.net/map/mini-map/dungeon-wild-kargos-area"
    },
    {
        "map_id": "100040105",
        "bbb_url": "https://bbb.hidden-street.net/map/mini-map/hidden-street-forest-of-evil-i\""
    },
    {
        "map_id": "100040106",
        "bbb_url": "https://bbb.hidden-street.net/map/mini-map/hidden-street-forest-of-evil-ii"
    },
    {
        "map_id": "221040301",
        "bbb_url": "https://bbb.hidden-street.net/map/mini-map/hidden-street-grays-prairie"
    },
    {
        "map_id": "280020000",
        "bbb_url": "https://www.hidden-street.net/gms/map/elnathdungeon/adobiss-mission-i-breath-of-lava"
    },
    {
        "map_id": "222010310",
        "bbb_url": "https://bbb.hidden-street.net/map/mini-map/korean-folk-town-moon-ridge"
    },
    {
        "map_id": "300020210",
        "bbb_url": "https://www.hidden-street.net/gms/map/eilnforest/ellin-forest-mossy-tree-mushroom-forest"
    },
    {
        "map_id": "300010410",
        "bbb_url": "https://www.hidden-street.net/gms/map/eilnforest/ellin-forest-rocky-mountain-cave"
    },
    {
        "map_id": "300010420",
        "bbb_url": "https://www.hidden-street.net/gms/map/eilnforest/ellin-forest-deep-inside-the-cave"
    },
    {
        "map_id": "300030500",
        "bbb_url": "https://www.hidden-street.net/gms/map/eilnforest/ellin-forest-queens-hiding-place"
    },
    {
        "map_id": "280030000",
        "bbb_url": "https://www.hidden-street.net/ems/map/elnathdungeon/easy-zakum-easy-zakums-altar"
    },
    {
        "map_id": "251010410",
        "bbb_url": "https://bbb.hidden-street.net/map/mini-map/mini-dungeon-pillage-of-treasure-island"
    },
    {
        "map_id": "240040401",
        "bbb_url": "https://www.hidden-street.net/gms/map/leafre/hidden-street-leviathans-canyon"
    },
    {
        "map_id": "211080100",
        "bbb_url": "https://www.hidden-street.net/sea/map/lioncastle/rose-garden-abandoned-garden"
    },
    {
        "map_id": "211080200",
        "bbb_url": "https://www.hidden-street.net/sea/map/lioncastle/rose-garden-souls-rest"
    },
    {
        "map_id": "211080300",
        "bbb_url": "https://www.hidden-street.net/sea/map/lioncastle/rose-garden-castle-walls-edge"
    },
    {
        "map_id": "220080001",
        "bbb_url": "https://bbb.hidden-street.net/map/mini-map/hidden-street-origin-of-the-clock-tower"
    },
    {
        "map_id": "240060200",
        "bbb_url": "https://bbb.hidden-street.net/map/mini-map/cave-of-life-chaos-horntails-cave"
    },
    {
        "map_id": "211070100",
        "bbb_url": "https://bc.hidden-street.net/map/mini-map/lion-kings-castle-audience-room"
    },
    {
        "map_id": "610010201",
        "bbb_url": "https://bbb.hidden-street.net/map/mini-map/phantom-forest-crossroads-1"
    },
    {
        "map_id": "610010202",
        "bbb_url": "https://bbb.hidden-street.net/map/mini-map/phantom-forest-crossroads-2"
    },
    {
        "map_id": "682000505",
        "bbb_url": "https://bbb.hidden-street.net/map/mini-map/haunted-house-toy-room-3"
    },
    {
        "map_id": "682000305",
        "bbb_url": "https://bbb.hidden-street.net/map/mini-map/haunted-house-toy-room-2"
    },
    {
        "map_id": "550000100",
        "bbb_url": "https://bbb.hidden-street.net/map/mini-map/malaysia-outskirt-of-muddy-banks"
    },
    {
        "map_id": "749040001",
        "bbb_url": "https://www.hidden-street.net/sea/map/none/house-of-dong-dong-chiang-house-of-dong-dong-chiang"
    }
]