{
  "rainbowstreetwildgrowth": "1030000",
  "victoriaroadhenesystownstreet": "100000001",
  "victoriaroadhenesysweaponstore": "100000101",
  "victoriaroadhenesysdepartmentstore": "100000102",
  "victoriaroadhenesysplasticsurgery": "100000103",
  "victoriaroadhenesyshairsalon": "100000104",
  "victoriaroadhenesysskincare": "100000105",
  "victoriaroadhenesysfreemarket1": "100000111",
  "victoriaroadhenesysfreemarket2": "100000112",
  "victoriaroadhenesysfreemarket3": "100000113",
  "victoriaroadhenesysfreemarket4": "100000114",
  "victoriaroadhenesysfreemarket5": "100000115",
  "victoriaroadhenesysfreemarket6": "100000116",
  "victoriaroadhenesysfreemarket7": "100000117",
  "victoriaroadhenesysfreemarket8": "100000118",
  "victoriaroadhenesysfreemarket9": "100000119",
  "victoriaroadbowmaninstructionalschool": "100000201",
  "victoriaroadhenesysgamepark": "100000203",
  "victoriaroadhallofbowmen": "100000204",
  "utahshousesmallattic": "100030100",
  "utahshouselivingroom": "100030101",
  "utahshousefrontyard": "100030102",
  "utahshousebackyard": "100030103",
  "farmstreetsmallforesttrail": "100030200",
  "farmstreetfarmcenter": "100030300",
  "farmstreetlargeforesttrail": "100030310",
  "farmstreetfarmentrance": "100030400",
  "victoriaroadelliniaweaponstore": "101000001",
  "victoriaroadelliniadepartmentstore": "101000002",
  "victoriaroadhallofmagicians": "101000004",
  "hiddenstreettheforestofpatiencestep1": "101000100",
  "hiddenstreettheforestofpatiencestep2": "101000101",
  "hiddenstreettheforestofpatiencestep3": "101000102",
  "hiddenstreettheforestofpatiencestep4": "101000103",
  "hiddenstreettheforestofpatiencestep5": "101000104",
  "hiddenstreetmarsforest": "101000200",
  "victoriaroadelliniastation": "101000300",
  "victoriaroadbeforetakeofftoorbis": "101000301",
  "victoriaroadskyferrytoereve": "101000400",
  "victoriaroadperionweaponstore": "102000001",
  "victoriaroadperiondepartmentstore": "102000002",
  "victoriaroadwarriorssanctuary": "102000003",
  "victoriaroadhallofwarriors": "102000004",
  "victoriaroadentranceofperionfreemarket": "102000100",
  "victoriaroadperionfreemarket1": "102000101",
  "victoriaroadperionfreemarket2": "102000102",
  "victoriaroadperionfreemarket3": "102000103",
  "victoriaroadperionfreemarket4": "102000104",
  "victoriaroadperionfreemarket5": "102000105",
  "victoriaroadperionfreemarket6": "102000106",
  "victoriaroadperionfreemarket7": "102000107",
  "victoriaroadperionfreemarket8": "102000108",
  "victoriaroadperionfreemarket9": "102000109",
  "victoriaroadkerningcityselfdefenceitemstore": "103000001",
  "victoriaroadkerningcitypharmacy": "103000002",
  "victoriaroadthieveshideout": "103000003",
  "victoriaroadnaorahospital": "103000004",
  "victoriaroadkerningcityhairsalon": "103000005",
  "victoriaroadkerningcityrepairshop": "103000006",
  "victoriaroadkerningcitynightmarket": "103000007",
  "victoriaroadhallofthieves": "103000008",
  "hiddenstreet1staccompaniment1ststage": "103000800",
  "hiddenstreet1staccompaniment2ndstage": "103000801",
  "hiddenstreet1staccompaniment3rdstage": "103000802",
  "hiddenstreet1staccompaniment4thstage": "103000803",
  "hiddenstreet1staccompanimentlaststage": "103000804",
  "hiddenstreet1staccompanimentbonus": "103000805",
  "hiddenstreet1staccompanimentexit": "103000890",
  "line3constructionsiteb1area1": "103000900",
  "line3constructionsiteb1area2": "103000901",
  "line3constructionsiteb2area1": "103000903",
  "line3constructionsiteb2area2": "103000904",
  "line3constructionsiteb3area1": "103000906",
  "line3constructionsiteb3area2": "103000907",
  "line3constructionsiteb3area3": "103000908",
  "victoriaroadlithharborarmorshop": "104000001",
  "victoriaroadlithharbordepartmentstore": "104000002",
  "victoriaroadlithharborweaponshop": "104000003",
  "victoriaroadlithharborinfoshop": "104000004",
  "dungeonpuppeteershidingplace": "105040201",
  "dungeonsleepywood": "105040300",
  "hiddenstreetthedeepforestofpatiencestep1": "105040310",
  "hiddenstreetthedeepforestofpatiencestep2": "105040311",
  "hiddenstreetthedeepforestofpatiencestep3": "105040312",
  "hiddenstreetthedeepforestofpatiencestep4": "105040313",
  "hiddenstreetthedeepforestofpatiencestep5": "105040314",
  "hiddenstreetthedeepforestofpatiencestep6": "105040315",
  "hiddenstreetthedeepforestofpatiencestep7": "105040316",
  "dungeonsleepywoodhotel": "105040400",
  "dungeonregularsauna": "105040401",
  "dungeonvipsauna": "105040402",
  "dungeondarkchasm": "105070003",
  "dungeongrotesquechamber": "105070004",
  "dungeonbalrogstomb": "105100300",
  "dungeonbalrogsdisappearancesite": "105100301",
  "mushroomcastleonthewatch": "106020601",
  "hiddenstreethutintheswamp": "107000301",
  "hiddenstreetanttunnelforbowman": "108000100",
  "hiddenstreetmagicianstreedungeon": "108000200",
  "hiddenstreetwarriorsrockymountain": "108000300",
  "hiddenstreetthiefsconstructionsite": "108000400",
  "hiddenstreetpiratetestroom": "108000500",
  "hiddenstreetthepathofglitteringcrystal": "108010100",
  "hiddenstreettheotherdimension": "108010101",
  "shadowzonethepathofglitteringcrystal": "108010500",
  "shadowzonetheotherdimension": "108010501",
  "hiddenstreetfindthejewel": "109010000",
  "hiddenstreeteasternfield": "109010100",
  "hiddenstreethiddenplaceintheeast": "109010101",
  "hiddenstreetsouthernfield": "109010200",
  "hiddenstreethiddenplaceinsouth": "109010201",
  "hiddenstreetnorthernfield": "109010300",
  "hiddenstreethiddenroominnorth1": "109010301",
  "hiddenstreethiddenroominnorth2": "109010302",
  "hiddenstreethiddenroominnorth3": "109010303",
  "hiddenstreetwesternfield": "109010400",
  "hiddenstreethiddenroominwest1": "109010401",
  "hiddenstreethiddenroominwest2": "109010402",
  "hiddenstreethiddenroominwest3": "109010403",
  "hiddenstreetoxquiz": "109020001",
  "hiddenstreetolaolalevel1": "109030001",
  "hiddenstreetolaolalevel2": "109030002",
  "hiddenstreetolaolalevel3": "109030003",
  "gmeventspookyolaolalevel1": "109030501",
  "gmeventspookyolaolalevel2": "109030502",
  "gmeventspookyolaolalevel3": "109030503",
  "gmeventwinterolaolalevel1": "109030601",
  "gmeventwinterolaolalevel2": "109030602",
  "gmeventwinterolaolalevel3": "109030603",
  "gmeventeasterolaolalevel1": "109030701",
  "gmeventeasterolaolalevel2": "109030702",
  "gmeventeasterolaolalevel3": "109030703",
  "gmeventanniversaryolaolalevel1": "109030801",
  "gmeventanniversaryolaolalevel2": "109030802",
  "gmeventanniversaryolaolalevel3": "109030803",
  "hiddenstreetmaplestoryphysicalfitnesstestwaitingroom": "109040000",
  "hiddenstreetmaplestoryphysicalfitnesschallengelevel1": "109040001",
  "hiddenstreetmaplestoryphysicalfitnesschallengelevel2": "109040002",
  "hiddenstreetmaplestoryphysicalfitnesschallengelevel3": "109040003",
  "hiddenstreetmaplestoryphysicalfitnesschallengelevel4": "109040004",
  "gmeventspookyphysicalfitnesstestwaitingroom": "109040010",
  "gmeventspookyphysicalfitnesschallengelevel1": "109040011",
  "gmeventspookyphysicalfitnesschallengelevel2": "109040012",
  "gmeventspookyphysicalfitnesschallengelevel3": "109040013",
  "gmeventspookyphysicalfitnesschallengelevel4": "109040014",
  "gmeventanniversaryphysicalfitnesstestwaitingroom": "109040020",
  "gmeventanniversaryphysicalfitnesstestlevel1": "109040021",
  "gmeventanniversaryphysicalfitnesstestlevel2": "109040022",
  "gmeventanniversaryphysicalfitnesstestlevel3": "109040023",
  "gmeventanniversaryphysicalfitnesstestlevel4": "109040024",
  "hiddenstreetreceivingtherewardfortheevent": "109050000",
  "hiddenstreetleavingtheevent": "109050001",
  "hiddenstreetsnowball": "109060000",
  "hiddenstreeteventmapentrance": "109060001",
  "hiddenstreetrollingsnowball2stage": "109060004",
  "hiddenstreetminigamechallenge": "109070000",
  "hiddenstreetcoconutharvest": "109080000",
  "hiddenstreet": "109080003",
  "hiddenstreetcokeplayseason": "109080010",
  "hiddenstreetsheepranchlobby": "109090000",
  "hiddenstreetsheepcampwaitingroom": "109090100",
  "hiddenstreetwolfcampwaitingroom": "109090200",
  "hiddenstreetsheepranchevent": "109090300",
  "hiddenstreetgm": "180000000",
  "hiddenstreetgmblack": "180000001",
  "hiddenstreetjailmap": "180000002",
  "hiddenstreetgmdev": "180000003",
  "hiddenstreetgmaggro": "180000004",
  "orbisorbisweaponstore": "200000001",
  "orbisorbisdepartmentstore": "200000002",
  "orbisorbisstationentrance": "200000100",
  "orbisstationtunneltoellinia": "200000110",
  "orbisstationtoellinia": "200000111",
  "orbisbeforetakeofftoellinia": "200000112",
  "orbisstationpathwayludibrium": "200000120",
  "orbisstationludibrium": "200000121",
  "orbisbeforethedepartureludibrium": "200000122",
  "orbiscabinpathtoleafre": "200000130",
  "orbiscabintoleafre": "200000131",
  "orbiscabinpathtomulung": "200000140",
  "orbiscabintomulung": "200000141",
  "orbisstationtunneltoariant": "200000150",
  "orbisstationtoariant": "200000151",
  "orbisstationhall": "200000160",
  "orbisstation": "200000161",
  "orbisparkorbisplasticsurgery": "200000201",
  "orbisparkorbishairsalon": "200000202",
  "orbisparkorbisskincare": "200000203",
  "orbisparkcounselingroom": "200000204",
  "orbisoldmanshouse": "200050001",
  "orbistheunknowntower": "200080101",
  "orbisorbistowersecretroom": "200080601",
  "orbisorbistowerhughslaboratory": "200082301",
  "duringtheridetoellinia": "200090000",
  "duringtheridecabintoellinia": "200090001",
  "duringtheridetoorbis": "200090010",
  "duringtheridecabintoorbis": "200090011",
  "empressroadtoereve": "200090020",
  "empressroadtoorbis": "200090021",
  "empressroadtoellinia": "200090031",
  "snowislandtorien": "200090060",
  "snowislandtolithharbor": "200090070",
  "": "200090080",
  "onavoyageludibrium": "200090100",
  "onavoyageorbis": "200090110",
  "duringtheridetoleafre": "200090200",
  "duringtheridetomulung": "200090300",
  "cruisingtoariant": "200090400",
  "cruisingtoorbis": "200090410",
  "inflightwaytominarforest": "200090510",
  "hiddenstreethappyville": "209000000",
  "hiddenstreetthehillofchristmas": "209000001",
  "happyvillage": "209000100",
  "hiddenstreetextrafrostysnowzone": "209080000",
  "hiddenstreetsantasgrotto": "209080100",
  "elnathelnathweaponstore": "211000101",
  "elnathelnathdepartmentstore": "211000102",
  "elnathentrancetoelnathfreemarket": "211000110",
  "elnathelnathfreemarket1": "211000111",
  "elnathelnathfreemarket2": "211000112",
  "elnathelnathfreemarket3": "211000113",
  "elnathelnathfreemarket4": "211000114",
  "elnathelnathfreemarket5": "211000115",
  "elnathentrancetozakumaltar": "211042400",
  "lionkingscastledesolatemoor": "211060000",
  "lionkingscastleaudienceroomcorridor": "211070000",
  "lionkingscastleaerialprison": "211070101",
  "lionkingscastleroofoftheresurrectiontower": "211070110",
  "lionkingscastlepassagetothevault": "211070400",
  "lionkingscastlelionkingsvault": "211070401",
  "rosegardengardenersspot": "211080000",
  "rosegardenhiddengardeni": "211080400",
  "rosegardenhiddengardenii": "211080500",
  "rosegardenhiddengardeniii": "211080600",
  "hiddenstreetcoketown": "219000000",
  "hiddenstreetcoketownsundrygoodsshop": "219000001",
  "hiddenstreethouseofpouch": "219000002",
  "hiddenstreethouseoflolo": "219000003",
  "hiddenstreetemptyhouseincoketown": "219000004",
  "hiddenstreethouseofpuch": "219000005",
  "hiddenstreetcokeskicamp": "219010000",
  "hiddenstreetcokeskicampb1648": "219010300",
  "hiddenstreetcokevalleyi": "219020000",
  "hiddenstreetsmallalley": "219020001",
  "hiddenstreetcokevalleyii": "219020100",
  "hiddenstreetcokevalleyiii": "219020200",
  "hiddenstreetcokevalleyiv": "219020300",
  "hiddenstreetforestofcokegolem": "219020301",
  "ludibriumludibriumweaponstore": "220000001",
  "ludibriumludibriumpharmacy": "220000002",
  "ludibriumludibriumplasticsurgery": "220000003",
  "ludibriumludibriumhairsalon": "220000004",
  "ludibriumludibriumskincare": "220000005",
  "ludibriumbeforethedepartureorbis": "220000111",
  "ludibriumfreemarket1": "220000201",
  "ludibriumfreemarket2": "220000202",
  "ludibriumfreemarket3": "220000203",
  "ludibriumfreemarket4": "220000204",
  "ludibriumfreemarket5": "220000205",
  "ludibriumfreemarket6": "220000206",
  "ludibriumfreemarket7": "220000207",
  "ludibriumfreemarket8": "220000208",
  "ludibriumfreemarket9": "220000209",
  "ludibriumkorinshouse": "220000301",
  "ludibriummanagerkarlshouse": "220000302",
  "ludibriumtaraandsarahshouse": "220000303",
  "ludibriumchloeshouse": "220000304",
  "ludibriumemptyhousei": "220000305",
  "ludibriumemptyhouseii": "220000306",
  "ludibriummasonshouse": "220000307",
  "ludibriumcloudbalcony": "220010001",
  "ludibriumskyterrace": "220011001",
  "ludibriumdeepinsidetheclocktower": "220080000",
  "ludibriumelevatortoludibrium": "222020110",
  "ludibriumelevatortokoreanfolktown": "222020210",
  "hiddenstreettimecontrolroom": "222020400",
  "aquaroadasmallcave": "230040301",
  "leafrechiefshouse": "240000001",
  "leafredepartmentstore": "240000002",
  "leafreyakushouse": "240000003",
  "leafreitoshouse": "240000004",
  "leafrekumoshouse": "240000005",
  "leafrepamshouse": "240000006",
  "leafreleafrestationentrance": "240000100",
  "leafrebeforetakeofftoorbis": "240000111",
  "hiddenstreetninespiritsnest": "240040612",
  "caveoflifecaveentrance": "240050000",
  "caveofliferoomofmaze": "240050100",
  "caveoflife1stroomofmaze": "240050101",
  "caveoflife2ndroomofmaze": "240050102",
  "caveoflife3rdroomofmaze": "240050103",
  "caveoflife4throomofmaze": "240050104",
  "caveoflife5throomofmaze": "240050105",
  "caveoflifecaveofchoice": "240050200",
  "caveoflifecaveoflight": "240050300",
  "caveoflifecaveofdarkness": "240050310",
  "caveoflifeentrancetohorntailscave": "240050400",
  "caveoflifecaveexit": "240050500",
  "caveoflifecavetheroadinbetween": "240050600",
  "caveoflifethecaveoftriali": "240060000",
  "caveoflifethecaveoftrialii": "240060100",
  "mulungtaesangshouse": "250000001",
  "mulungmulungdepartmentstore": "250000002",
  "mulungmulunghairsalon": "250000003",
  "ariantbeforetakeofftoorbis": "260000110",
  "townofariantanoldemptyhouse": "260000201",
  "townofariantresidentialarea1": "260000202",
  "townofariantresidentialarea2": "260000203",
  "townofariantresidentialarea3": "260000204",
  "townofariantresidentialarea4": "260000205",
  "townofariantresidentialarea5": "260000206",
  "townofariantresidentialarea6": "260000207",
  "adobissmissionibreathoflavalevel2": "280020001",
  "adobissmissionitheroomoftragedy": "280090000",
  "campconferenceroomlibrary": "300000011",
  "campconferenceroomcellar": "300000012",
  "ellinforestmushroomhill": "300020200",
  "ellinforestfairyforest1": "300030200",
  "ellinforestfairyforest2": "300030300",
  "ellinforestfairyforest3": "300030400",
  "uniqueroadgoldrichiestreasures1": "390000000",
  "uniqueroadgoldrichiestreasures2": "390000100",
  "uniqueroadgoldrichiestreasures3": "390000200",
  "uniqueroadgoldrichiestreasures4": "390000300",
  "uniqueroadgoldrichiestreasures5": "390000400",
  "uniqueroadgoldrichiestreasures6": "390000500",
  "uniqueroadgoldrichiestreasures7": "390000600",
  "uniqueroadgoldrichiestreasures8": "390000700",
  "uniqueroadgoldrichiestreasures9": "390000800",
  "uniqueroadgoldrichiestreasures10": "390000900",
  "uniqueroadgoldrichiestreasures11": "390001000",
  "uniqueroadtreasurestorageexit": "390009999",
  "thailandfloatingmarket": "500000000",
  "thailandfrogpond": "500010000",
  "thailandtoadpond": "500010100",
  "thailandbrilliantswamp": "500020000",
  "thailandisolatedhouse": "500020100",
  "thailandtheoutskirtofvillage": "500020101",
  "thailandsmalljungle": "500020200",
  "thailandredjungle": "500020300",
  "thailanddeepjungle": "500020400",
  "singaporebeforedeparturetokerningcity": "540010001",
  "singaporeonthewaytokerningcity": "540010002",
  "victoriaislandkerningairport": "540010100",
  "victoriaislandonthewaytocbd": "540010101",
  "singaporethepeacefulship": "541010110",
  "newleafcitytownstreetnlcmall": "600000001",
  "badlandsurbanunderground": "600010000",
  "newleafcitytownstreetwaitingroomfromnlctokc": "600010002",
  "hiddenstreetinsidesubwayfromnlctokc": "600010003",
  "kerningcitytownstreetwaitingroomfromkctonlc": "600010004",
  "hiddenstreetinsidesubwayfromkctonlc": "600010005",
  "hiddenstreetentranceofamorianchallenge": "670010100",
  "hiddenstreetstage1magikmirror": "670010200",
  "hiddenstreetstage2heartstrings": "670010300",
  "hiddenstreetstage3twistedswitcher": "670010400",
  "hiddenstreetstage4lastmanstanding": "670010500",
  "hiddenstreetstage5flutteringhearts": "670010600",
  "hiddenstreetstage6lovehurts": "670010700",
  "hiddenstreetstage7amosvaultforcouples": "670010750",
  "hiddenstreetstage7amosvault": "670010800",
  "hiddenstreetexit": "670011000",
  "hiddenstreettomatofarm1waitingroom": "674012000",
  "hiddenstreettomatofarm2waitingroom": "674012001",
  "hiddenstreettomatofarm11": "674012010",
  "hiddenstreettomatofarm12": "674012011",
  "hiddenstreettomatofarm2": "674012020",
  "hiddenstreetthebeertent": "674020000",
  "hiddenstreetinitiation": "674030000",
  "hiddenstreetmvexit": "674030001",
  "hiddenstreetentrancetomvslair": "674030100",
  "hiddenstreetthelairofmv": "674030200",
  "hiddenstreettreasuredungeon": "674030300",
  "minidungeonmarbasstrollingpath": "677000000",
  "minidungeonmarbashidingplace": "677000001",
  "minidungeonamdusiasstrollingpath": "677000002",
  "minidungeonamdusiashidingplace": "677000003",
  "minidungeonandrasstrollingpath": "677000004",
  "minidungeonandrashidingplace": "677000005",
  "minidungeoncrocellstrollingpath": "677000006",
  "minidungeoncrocellhidingplace": "677000007",
  "minidungeonvaleforstrollingpath": "677000008",
  "minidungeonvaleforhidingplace": "677000009",
  "minidungeonfogforest": "677000010",
  "minidungeonastarothstrollingplace": "677000011",
  "minidungeonastarothhidingplace": "677000012",
  "amoriaamoriaweddingshop": "680000001",
  "amoriaamoriahairsalon": "680000002",
  "amoriaamoriaplasticsurgery": "680000003",
  "amoriameettheparents": "680000004",
  "amoriawhiteweddinglounge": "680000100",
  "amoriawhiteweddingaltar": "680000110",
  "amoriasaintmaplelounge": "680000200",
  "amoriasaintmaplealtar": "680000210",
  "amoriacherishedvisagephotos": "680000300",
  "amoriauntamedheartshuntingground": "680000400",
  "amoriathelovepinata": "680000401",
  "amoriaweddingexitmap": "680000500",
  "maple7thdaymarket": "680100000",
  "hiddenstreetshalomtemple": "681000000",
  "hauntedhouseghostchimney": "682000200",
  "hauntedhousesophiliasbedroom": "682000301",
  "hauntedhousevanityroom": "682000302",
  "hauntedhousestudy": "682000303",
  "hauntedhousepianoroom": "682000304",
  "hauntedhousebarrenroom": "682000306",
  "hiddenstreeteternalnight": "682000701",
  "hiddenstreetpierresteaparty": "682000720",
  "hiddenstreetpierresteapartyexit": "682000721",
  "hiddenstreetpierresteapartyentrance": "682000722",
  "hauntedhousemansionshiddenhall1": "682010000",
  "hauntedhousemansionshiddenhall2": "682010001",
  "hauntedhousemansionshiddenhall3": "682010002",
  "hauntedhouseoliviassecretroom1": "682010100",
  "hauntedhouseoliviassecretroom2": "682010101",
  "hauntedhouseoliviassecretroom3": "682010102",
  "mansionofthegoodwitchoftheleftsidefrontgate": "682020000",
  "mansionofthegoodwitchoftheleftsidelivingroom": "682020100",
  "mansionofthegoodwitchoftheleftsidebackgate": "682020200",
  "hiddenstreetsweetcakehillentrance": "683000000",
  "minidungeonsweetcakehill1": "683000100",
  "minidungeonsweetcakehill2": "683000110",
  "minidungeonsweetcakehill3": "683000120",
  "hiddenstreetclashofcakes": "686000000",
  "hiddenstreetcakebossexit": "686000001",
  "hiddenstreettreasureisland": "690010000",
  "hiddenstreettreasureislandexit": "690010020",
  "chinashanghaiwaitan": "701000000",
  "chinashanghaitemporaryairport": "701000100",
  "chinashanghaioutofthebridge": "701010000",
  "chinashanghainorthernflatland": "701010100",
  "chinashanghainorthernpark": "701010200",
  "chinasplitroadatwest": "701010300",
  "chinamountainousregioni": "701010310",
  "chinamountainousregionii": "701010320",
  "chinathelandofblacksheep": "701010321",
  "chinathepath": "701010322",
  "chinatrecherousvalley": "701010323",
  "chinascaryvalley": "701010324",
  "chinawesternprairiei": "701010400",
  "chinawesternprairieii": "701010500",
  "chinawesternprairieiii": "701010600",
  "easternchinalushantown": "702000000",
  "easternchinafootofthemountain": "702010000",
  "easternchinamountainroad1": "702020000",
  "easternchinamountainside": "702030000",
  "easternchinamountainroad2": "702040000",
  "easternchinatempleplaza": "702050000",
  "easternchinasecretlibrary": "702060000",
  "easternchinashaolintemplefloor12": "702070100",
  "easternchinashaolintemplefloor34": "702070200",
  "easternchinashaolintemplefloor56": "702070300",
  "easternchinashaolintemplefloor7": "702070400",
  "easternchinatemplegarden": "702080000",
  "easternchinamahavirahall": "702100000",
  "fishinglagoon": "741000200",
  "houseofdongdongchianggateofdongdongchiang": "749040000",
  "houseofdongdongchianglobby": "749040006",
  "houseofdongdongchiangexit": "749040007",
  "houseofdongdongchiangaward": "749040008",
  "maplefestivalpinkbeansfeastlobby": "749050000",
  "maplefestivalpinkbeansfeast": "749050100",
  "maplefestivalpinkbeansfeastexit": "749050200",
  "hiddenmapuniversefishinglagoon": "749050500",
  "hiddenmapfantasyfishinglagoon": "749050501",
  "hiddenstreetloungepond": "749050502",
  "zipanguhairsalon": "801000001",
  "zipanguplasticsurgery": "801000002",
  "zipangulockerroomm": "801000100",
  "zipangulockerroomf": "801000200",
  "zipangushowastreetmarket": "801000300",
  "zipangunearthehideoutbeautifulsky": "801040101",
  "zipanguforestofoblivion": "802000100",
  "zipangukamuna": "802000101",
  "zipangu2100odaibahideout": "802000200",
  "zipangu2100odaibaharbour": "802000209",
  "zipangu2100odaibaport": "802000210",
  "zipangu2100odaibaskirmish": "802000211",
  "zipangu2095parkhideout": "802000300",
  "zipangu2095park": "802000301",
  "zipangu2095parkoutskirts": "802000302",
  "zipangu2095parkambush": "802000309",
  "zipangu2102akihabarashelter": "802000400",
  "zipangu2102akihabararuins": "802000401",
  "zipangu2102akihabararooftops": "802000409",
  "zipangu2102akihabaraclash": "802000410",
  "zipangu2102akihabaracommandroom": "802000500",
  "zipangu2102oldfoxflagshipplatform": "802000600",
  "zipangu2102oldfoxflagshipbow": "802000601",
  "zipangu2102oldfoxflagship": "802000602",
  "zipangu2102tokyoskies": "802000611",
  "zipangu2102shibuyafoxhole": "802000700",
  "zipangu2102shibuyaencounter": "802000701",
  "zipangu2102roppongimallentrance": "802000800",
  "zipangu2102roppongimallhallway": "802000801",
  "zipangu2102roppongimallelevatorshaft": "802000802",
  "zipangu2102coreofroppongimall": "802000803",
  "zipangu2102roppongimallarena": "802000804",
  "zipangu2102roppongimallruins": "802000805",
  "zipangu2102topfloorofroppongimall": "802000806",
  "zipangu2102roppongimallaftermath": "802000807",
  "zipangu2102roppongimallcrumbles": "802000808",
  "florinabeachhinamatsuri": "809010000",
  "zakumhelmetupgraded": "809020000",
  "slotmachine": "809030000",
  "thesurvivalchallengewaitingroom": "809040000",
  "thesurvivalchallenge": "809040100",
  "ludibriumludibriummaze1": "809050000",
  "ludibriumludibriummaze2": "809050001",
  "ludibriumludibriummaze3": "809050002",
  "ludibriumludibriummaze4": "809050003",
  "ludibriumludibriummaze5": "809050004",
  "ludibriumludibriummaze6": "809050005",
  "ludibriumludibriummaze7": "809050006",
  "ludibriumludibriummaze8": "809050007",
  "ludibriumludibriummaze9": "809050008",
  "ludibriumludibriummaze10": "809050009",
  "ludibriumludibriummaze11": "809050010",
  "ludibriumludibriummaze12": "809050011",
  "ludibriumludibriummaze13": "809050012",
  "ludibriumludibriummaze14": "809050013",
  "ludibriumludibriummaze15": "809050014",
  "ludibriumludibriummaze16": "809050015",
  "ludibriumexitofthemaze": "809050016",
  "ludibriumentrancetoslotmachinearcade": "810000000",
  "wanwanspaofhell": "880000000",
  "thepiratehideout": "881000000",
  "undefinedentrancesnowmansland": "889100000",
  "undefinedsnowmansland": "889100001",
  "undefinedexitsnowmansland": "889100002",
  "undefinedpathtosnowmansland": "889100100",
  "hiddenstreetlounge": "900000002",
  "hiddenstreetfreemarketentrance": "910000000",
  "hiddenstreetfreemarket1": "910000001",
  "hiddenstreetfreemarket2": "910000002",
  "hiddenstreetfreemarket3": "910000003",
  "hiddenstreetfreemarket4": "910000004",
  "hiddenstreetfreemarket5": "910000005",
  "hiddenstreetfreemarket6": "910000006",
  "hiddenstreetfreemarket7": "910000007",
  "hiddenstreetfreemarket8": "910000008",
  "hiddenstreetfreemarket9": "910000009",
  "hiddenstreetfreemarket10": "910000010",
  "hiddenstreetfreemarket11": "910000011",
  "hiddenstreetfreemarket12": "910000012",
  "hiddenstreetfreemarket13": "910000013",
  "hiddenstreetfreemarket14": "910000014",
  "hiddenstreetfreemarket15": "910000015",
  "hiddenstreetfreemarket16": "910000016",
  "hiddenstreetfreemarket17": "910000017",
  "hiddenstreetfreemarket18": "910000018",
  "hiddenstreetfreemarket19": "910000019",
  "hiddenstreetfreemarket20": "910000020",
  "hiddenstreetfreemarket21": "910000021",
  "hiddenstreetfreemarket22": "910000022",
  "hiddenstreetprimrosehill": "910010000",
  "hiddenstreetshortcut": "910010100",
  "hiddenstreetpigtown": "910010200",
  "hiddenstreetbacktotown": "910010300",
  "hiddenstreetnestofababybird": "910020000",
  "hiddenstreetthornbushleadingtojumpstand": "910020100",
  "hiddenstreetplaygroundoflupinleadingtojumpstand": "910020200",
  "hiddenstreetjumpingboardleadingtojumpstand": "910020300",
  "hiddenstreetunderthehighbranch": "910021000",
  "sheepranchranchentrance": "910040000",
  "sheepranchranchbackstreet": "910040001",
  "sheepranchfencedstreet": "910040002",
  "sheepranchbigbadwolfsvictory": "910040003",
  "sheepranchlittlelambsvictory": "910040004",
  "sheepranchwolfsdefeat": "910040005",
  "sheepranchlittlelambsdefeat": "910040006",
  "sheepranch": "910040100",
  "sheepranchlittlelambscourage": "910040110",
  "sheepranchwolfstreachery": "910040120",
  "hiddenstreetlovestruckhuntingground": "910041400",
  "eventfieldofeverlastinglove": "910041500",
  "eventlobbyofeverlastinglove": "910041501",
  "hiddenstreetmagiclibrary": "910110000",
  "hiddenstreethiddenrelic": "910200000",
  "hiddenstreetshareniancastlegate": "910210000",
  "hiddenstreetdarklordspracticefield": "910300000",
  "hiddenstreetdangerousinfoshop": "910400000",
  "hiddenstreetanotherworldpracticefield": "910500000",
  "hiddenstreetsecretshrine": "910500100",
  "hiddenstreetforgottenshrine": "910500200",
  "hiddenstreetpuppeteerssecretpassage": "910510100",
  "hiddenchamberkyrinstrainingroom": "912010000",
  "hiddenchamberbartsroom": "912020000",
  "hiddenstreettowerofgoddessentrance": "920010000",
  "hiddenstreettowerofgoddesscentertower": "920010100",
  "hiddenstreettowerofgoddesswalkway": "920010200",
  "hiddenstreettowerofgoddessstorage": "920010300",
  "hiddenstreettowerofgoddesslobby": "920010400",
  "hiddenstreettowerofgoddesssealedroom": "920010500",
  "hiddenstreettowerofgoddesslounge": "920010600",
  "hiddenstreettowerofgoddessroom301": "920010601",
  "hiddenstreettowerofgoddessroom302": "920010602",
  "hiddenstreettowerofgoddessroom303": "920010603",
  "hiddenstreettowerofgoddessroom304": "920010604",
  "hiddenstreettowerofgoddessonthewayup": "920010700",
  "hiddenstreettowerofgoddessgarden": "920010800",
  "hiddenstreettowerofgoddesstheroomoftheguilty": "920010900",
  "hiddenstreettowerofgoddessjaili": "920010910",
  "hiddenstreettowerofgoddessjailstorage1": "920010911",
  "hiddenstreettowerofgoddessjailii": "920010920",
  "hiddenstreettowerofgoddessjailstorage2": "920010921",
  "hiddenstreettowerofgoddessjailiii": "920010930",
  "hiddenstreettowerofgoddessjailstorage3": "920010931",
  "hiddenstreettowerofgoddessroomofdarkness": "920011000",
  "hiddenstreettowerofgoddesstreasurestorage": "920011100",
  "hiddenstreettowerofgoddessonthewayout": "920011200",
  "hiddenstreettowerofgoddessblessingofgoddess": "920011300",
  "hiddenstreetheartoflava": "921100000",
  "hiddenstreeticevalley": "921100100",
  "hiddenstreetphoenixsnest": "921100200",
  "hiddenstreetfreezersnest": "921100210",
  "hiddenstreetprotecttylus": "921100300",
  "hiddenstreetprotectingtyluscomplete": "921100301",
  "hiddenstreetridersfield": "921110000",
  "lionkingscastlecastlebackalley": "921130000",
  "lionkingscastlecastlesafezone": "921131000",
  "lionkingscastlevictoriousshout": "921132000",
  "lionkingscastleanisjail": "921133000",
  "lionkingscastlesecretcorridor": "921140000",
  "lionkingscastledepressingaudienceroom": "921140001",
  "lionkingscastledangerousroofofthefirsttower": "921140100",
  "hiddenstreettoyfactorysector4": "922000000",
  "hiddenstreetsecretpassage": "922000009",
  "hiddenstreetdollshouse": "922000010",
  "hiddenstreetabandonedtowerendofjourney": "922010000",
  "hiddenstreetabandonedtowerstage1": "922010100",
  "hiddenstreetabandonedtowerstage2": "922010200",
  "hiddenstreettowerstrap": "922010201",
  "hiddenstreetabandonedtowerstage3": "922010300",
  "hiddenstreetabandonedtowerstage4": "922010400",
  "hiddenstreetdarknessinthetower": "922010401",
  "hiddenstreetabandonedtowerstage5": "922010500",
  "hiddenstreettowersmaze": "922010501",
  "hiddenstreetabandonedtowerstage6": "922010600",
  "hiddenstreetabandonedtowerstage7": "922010700",
  "hiddenstreetabandonedtowerstage8": "922010800",
  "hiddenstreetacrackonthewall": "922010900",
  "hiddenstreetabandonedtowerbonus": "922011000",
  "hiddenstreetabandonedtowerdeterminetoadventure": "922011100",
  "hiddenstreettheforgottendarkness": "922020000",
  "hiddenstreetroomofthanatos": "922020100",
  "hiddenstreethiddenbalcony": "922020200",
  "hiddenstreetoriginoftheclocktower": "922020300",
  "hiddenstreetundefined": "922220000",
  "hiddenstreetlunarworld": "922230000",
  "hiddenstreetholeofthemoon": "922230001",
  "hiddenstreetunderthemoon": "922230002",
  "hiddenstreetsilentyardofmoonflowers": "922230100",
  "hiddenstreetshinyyardofmoonflowers": "922230200",
  "hiddenstreetfragrantyardofmoonflowers": "922230300",
  "hiddenstreetplaygroundofmoonbunnies": "922231000",
  "hiddenstreetmoonbunnyplayground": "922231001",
  "spacegagarescuegaga": "922240000",
  "spacegagagagasrescuesuccess": "922240100",
  "spacegagamooncorner": "922240200",
  "spacemine": "922241000",
  "spaceminebackofspacemine": "922241100",
  "hiddenstreetwarpeddimension": "923000000",
  "hiddenstreetcoldcave": "923000100",
  "hiddenstreetkentasbreedingroom": "923010000",
  "hiddenstreetpathtothebreedingroom": "923010100",
  "hiddenstreetonthewaytothepracticefield": "924000000",
  "hiddenstreetmoosespracticefield": "924000001",
  "hiddenstreetexitingthepracticefield": "924000002",
  "hiddenstreetthetopoftheskynest": "924000100",
  "hiddenstreetcaveofblackwitches": "924010000",
  "hiddenstreetlookingfordelli1": "925010000",
  "hiddenstreetlookingfordelli2": "925010100",
  "hiddenstreetlookingfordelli3": "925010200",
  "hiddenstreetsavedelli": "925010300",
  "hiddenstreetthenautilushideoutroom": "925010400",
  "mulungdojomulungdojoentrance": "925020000",
  "mulungdojomulungdojohall": "925020001",
  "mulungdojomulungdojoexit": "925020002",
  "mulungdojomulungdojorooftop": "925020003",
  "mulungdojosogongsroom": "925020010",
  "mulungdojomulungdojo1stfloor": "925020100",
  "mulungdojomulungdojo2ndfloor": "925020200",
  "mulungdojomulungdojo3rdfloor": "925020300",
  "mulungdojomulungdojo4thfloor": "925020400",
  "mulungdojomulungdojo5thfloor": "925020500",
  "mulungdojomulungdojo6thfloor": "925020600",
  "mulungdojomulungdojo7thfloor": "925020700",
  "mulungdojomulungdojo8thfloor": "925020800",
  "mulungdojomulungdojo9thfloor": "925020900",
  "mulungdojomulungdojo10thfloor": "925021000",
  "mulungdojomulungdojo11thfloor": "925021100",
  "mulungdojomulungdojo12thfloor": "925021200",
  "mulungdojomulungdojo13thfloor": "925021300",
  "mulungdojomulungdojo14thfloor": "925021400",
  "mulungdojomulungdojo15thfloor": "925021500",
  "mulungdojomulungdojo16thfloor": "925021601",
  "mulungdojomulungdojo17thfloor": "925021700",
  "mulungdojomulungdojo18thfloor": "925021800",
  "mulungdojomulungdojo19thfloor": "925021900",
  "mulungdojomulungdojo20thfloor": "925022000",
  "mulungdojomulungdojo21stfloor": "925022100",
  "mulungdojomulungdojo22ndfloor": "925022200",
  "mulungdojomulungdojo23rdfloor": "925022300",
  "mulungdojomulungdojo24thfloor": "925022400",
  "mulungdojomulungdojo25thfloor": "925022500",
  "mulungdojomulungdojo26thfloor": "925022600",
  "mulungdojomulungdojo27thfloor": "925022700",
  "mulungdojomulungdojo28thfloor": "925022800",
  "mulungdojomulungdojo29thfloor": "925022900",
  "mulungdojomulungdojo30thfloor": "925023000",
  "mulungdojomulungdojo31stfloor": "925023100",
  "mulungdojomulungdojo32ndfloor": "925023200",
  "mulungdojomulungdojo33rdfloor": "925023300",
  "mulungdojomulungdojo34thfloor": "925023400",
  "mulungdojomulungdojo35thfloor": "925023500",
  "mulungdojomulungdojo36thfloor": "925023600",
  "mulungdojomulungdojo37thfloor": "925023700",
  "mulungdojomulungdojo38thfloor": "925023800",
  "hiddenstreetbackalleyofmulungtrainingcenter": "925040000",
  "hiddenstreetspecialfloorofmulungtrainingcenter": "925040001",
  "hiddenstreetsealedtemple": "925040100",
  "hiddenstreetonthewaytothepirateship": "925100000",
  "hiddenstreetthroughtheheadoftheship": "925100100",
  "hiddenstreetthroughthedecki": "925100200",
  "hiddenstreettheareaof100yroldbellfloweri": "925100201",
  "hiddenstreetlordpiratesservanti": "925100202",
  "hiddenstreetthroughthedeckii": "925100300",
  "hiddenstreettheareaof100yroldbellflowerii": "925100301",
  "hiddenstreetlordpiratesservantii": "925100302",
  "hiddenstreeteliminatepirates": "925100400",
  "hiddenstreetthecaptainsdignity": "925100500",
  "hiddenstreetwuyanggivingthanks": "925100600",
  "hiddenstreetpirateshiponitswayout": "925100700",
  "hiddenstreetariantbackstreet": "926000000",
  "hiddenstreettreasureroomofqueen": "926000010",
  "hiddenstreetpyramiddunes": "926010000",
  "hiddenstreetnettspyramid": "926010001",
  "hiddenstreettombofpharaohyeti": "926010010",
  "hiddenstreetshadesofthepyramid": "926020001",
  "hiddenstreetmysteriouslab": "926100000",
  "hiddenstreetdarktunnel": "926100001",
  "hiddenstreetunpleasantlab": "926100100",
  "hiddenstreetspeciallab": "926100200",
  "hiddenstreetdarklab1": "926100201",
  "hiddenstreetdarklab2": "926100202",
  "hiddenstreetyuletesoffice": "926100203",
  "hiddenstreetlabtunnel": "926100300",
  "hiddenstreetlabunit101": "926100301",
  "hiddenstreetlabunit102": "926100302",
  "hiddenstreetlabunit103": "926100303",
  "hiddenstreetlabunit104": "926100304",
  "hiddenstreetentrancetocenterlab": "926100400",
  "hiddenstreetcenterlab": "926100401",
  "hiddenstreettracesofyulete": "926100500",
  "hiddenstreetromeoandjuliet": "926100600",
  "hiddenstreetdarklab": "926120000",
  "hiddenstreetclosedlab": "926120100",
  "hiddenstreetdranslab": "926120200",
  "hiddenstreetwheresnowrosegrows": "926120300",
  "hiddenstreetyuleteslab": "926130000",
  "hiddenstreetlabentrance": "926130100",
  "hiddenstreetyuleteslab1": "926130101",
  "hiddenstreetyuleteslab2": "926130102",
  "hiddenstreetyuleteslab3": "926130103",
  "hiddenstreetlabexit1": "926130200",
  "hiddenstreetlabexit2": "926130201",
  "hiddenstreetlabexit3": "926130203",
  "hiddenstreetlabexit": "926130500",
  "forestofpoisonhazepreentrance": "930000000",
  "forestofpoisonhazeforestentrance": "930000010",
  "forestofpoisonhazemouthoftheforest": "930000100",
  "forestofpoisonhazedeterioratedforest": "930000200",
  "forestofpoisonhazeforestofhaze": "930000300",
  "forestofpoisonhazepoisonedforest": "930000400",
  "forestofpoisonhazeforestsemptylot": "930000500",
  "forestofpoisonhazeoozingcave": "930000501",
  "forestofpoisonhazeforestofpoison": "930000600",
  "forestofpoisonhazeellinsforest": "930000700",
  "forestofpoisonhazeouterforestexit": "930000800",
  "hiddenstreetdangerouslibrary": "930010000",
  "hiddenstreethalloweenchallenge": "960000000",
  "hiddenstreetanniversarychallenge": "960000001",
  "hiddenstreetanniversarychallengeparttwo": "960000004",
  "gmeventbreathoflavalevel1": "960000006",
  "gmeventbreathoflavalevel2": "960000007",
  "gmeventrussianroulette": "960000008",
  "gmeventghostchimney": "960000009",
  "gmeventb1area1": "960000010",
  "gmeventb2area2": "960000011",
  "gmeventkerningsubwaywaitingroom": "960000012",
  "gmeventtoyfactory": "960000013",
  "hiddenstreetfestiveagilitychallenge": "960000016",
  "gmeventspookyroulette": "960000018",
  "gmeventwaitingroomforforestofpatience": "960000019",
  "gmeventtheforestofpatiencestep1": "960000020",
  "gmeventtheforestofpatiencestep2": "960000021",
  "gmeventtheforestofpatiencestep3": "960000023",
  "gmeventtheforestofpatiencestep4": "960000024",
  "gmeventtheforestofpatiencestep5": "960000025",
  "gmeventwaitingroomfordeepforestofpatience": "960000026",
  "gmeventthedeepforestofpatiencestep1": "960000027",
  "gmeventthedeepforestofpatiencestep2": "960000028",
  "gmeventthedeepforestofpatiencestep3": "960000030",
  "gmeventthedeepforestofpatiencestep4": "960000031",
  "gmeventthedeepforestofpatiencestep5": "960000033",
  "gmeventthedeepforestofpatiencestep6": "960000034",
  "gmeventthedeepforestofpatiencestep7": "960000035",
  "gmeventb3area1": "960000037",
  "gmeventb3area2": "960000038",
  "gmeventb3area3": "960000039",
  "hiddenstreetsummerdash": "960000040",
  "gmeventseagorgemaze1": "960000050",
  "gmeventseagorgemaze2": "960000051",
  "gmeventcraneclimb1": "960000052",
  "gmeventseagorgemazelobby": "960000053",
  "gmeventseagorgemazegraveyard": "960000054",
  "gmeventcraneclimb2": "960000055",
  "gmeventrisingtides": "960000056",
  "gmeventrisingtideslobby": "960000057",
  "gmevent4square": "960000058",
  "gmeventfishparade": "960000059",
  "gmeventfishparadelobby": "960000060",
  "eventextrafrostychallenge": "960000061",
  "gmeventkingofthehill": "960000062",
  "gmeventseahorserace": "960000063",
  "gmeventseahorseracelobby": "960000064",
  "gmeventsaltysands": "960000065",
  "gmeventsaltysandslobby": "960000066",
  "gmeventwaitingareaforkingofthehill": "960000067",
  "gmeventahhhzombies": "960000068",
  "gmeventahhhzombieslobby": "960000069",
  "maplefestivalbirthdaychallenge": "960000070",
  "hiddenstreethalloweengauntletlobbyi": "960001000",
  "hiddenstreethalloweengauntletlobbyii": "960001001",
  "hiddenstreethalloweengauntletlobbyiii": "960001002",
  "hiddenstreethalloweengauntletlobbyiv": "960001003",
  "hiddenstreethalloweengauntletlobbyv": "960001004",
  "hiddenstreethalloweengauntletlobbyvi": "960001005",
  "hiddenstreethalloweengauntletlobbyvii": "960001006",
  "hiddenstreethalloweengauntletlobbyviii": "960001007",
  "hiddenstreethalloweengauntletlobbyix": "960001008",
  "hiddenstreethalloweengauntletlobbyx": "960001009",
  "hiddenstreethalloweengauntletnovicei": "960002000",
  "hiddenstreethalloweengauntletnoviceii": "960002001",
  "hiddenstreethalloweengauntletnoviceiii": "960002002",
  "hiddenstreethalloweengauntletexitwin": "960002500",
  "hiddenstreethalloweengauntletexitclear": "960002501",
  "hiddenstreethalloweengauntletexittimeout": "960002502",
  "hiddenstreethalloweengauntletapprenticei": "960003000",
  "hiddenstreethalloweengauntletapprenticeii": "960003001",
  "hiddenstreethalloweengauntletapprenticeiii": "960003002",
  "hiddenstreethalloweengauntletadepti": "960004000",
  "hiddenstreethalloweengauntletadeptii": "960004001",
  "hiddenstreethalloweengauntletadeptiii": "960004002",
  "hiddenstreethalloweengauntletexperti": "960005000",
  "hiddenstreethalloweengauntletexpertii": "960005001",
  "hiddenstreethalloweengauntletexpertiii": "960005002",
  "hiddenstreethalloweengauntletmasteri": "960006000",
  "hiddenstreethalloweengauntletmasterii": "960006001",
  "hiddenstreethalloweengauntletmasteriii": "960006002",
  "hiddenstreetstudioentrance": "970000000",
  "hiddenstreetludibriumstudio": "970000001",
  "hiddenstreetorbisstudio": "970000002",
  "hiddenstreetariantstudio": "970000003",
  "hiddenstreetmulungstudio": "970000004",
  "hiddenstreetmagatiastudio": "970000005",
  "hiddenstreetfamilystudiowaitingroom": "970000100",
  "hiddenstreetmaplestudio": "970000101",
  "hiddenstreeterevestudio": "970000107",
  "hiddenstreetstudiomadeofcookies": "970000108",
  "eventwinterdash": "970000200",
  "maplefestivalfestivalhub": "970001000",
  "maplefestivalgreatmapletree": "970002000",
  "hiddenstreetgloriousmaplehill": "970010000",
  "hiddenstreetmaplehillexit": "970010001",
  "balloonhuntlobby": "970050000",
  "balloonhuntexit": "970050010",
  "balloonhuntentrance": "970050100",
  "balloonhuntfestiveyard": "970050400",
  "eventsnowytreefield": "970051000",
  "hiddenstreeteggpqlobby": "970100000",
  "hiddenstreeteggpqexit": "970100020",
  "hiddenstreeteggpqwinnerexit": "970100040",
  "hiddenstreeteggpqprematchlobby": "970100100",
  "hiddenstreeteggpqeggyfield": "970101000",
  "maplestreetsixpaths": "970200000",
  "maplestreettreadinglightlystage1": "970200100",
  "maplestreetallhandsondeckstage2": "970200200",
  "maplestreetwhoturnedoffthelightsstage3": "970200300",
  "maplestreetsnailshellshufflestage4": "970200400",
  "maplestreetoctopuzzlestage5": "970200500",
  "maplestreetportalproblemsstage6": "970200600",
  "maplestreetonthewayoutbonus": "970200700",
  "maplestreetlobby": "970201000",
  "maplestreetexit": "970202000",
  "monstercarnivalspiegelmannsoffice": "980000000",
  "monstercarnivalexit": "980000010",
  "monstercarnivalprizes": "980000020",
  "monstercarnivalcarnivalfield1lobby": "980000100",
  "monstercarnivalcarnivalfield1battlefield": "980000101",
  "monstercarnivalcarnivalfield1resurrection": "980000102",
  "monstercarnivalcarnivalfield1victorious": "980000103",
  "monstercarnivalcarnivalfield1thedefeated": "980000104",
  "monstercarnivalcarnivalfield2lobby": "980000200",
  "monstercarnivalcarnivalfield2battlefield": "980000201",
  "monstercarnivalcarnivalfield2resurrection": "980000202",
  "monstercarnivalcarnivalfield2victorious": "980000203",
  "monstercarnivalcarnivalfield2thedefeated": "980000204",
  "monstercarnivalcarnivalfield3lobby": "980000300",
  "monstercarnivalcarnivalfield3battlefield": "980000301",
  "monstercarnivalcarnivalfield3resurrection": "980000302",
  "monstercarnivalcarnivalfield3victorious": "980000303",
  "monstercarnivalcarnivalfield3thedefeated": "980000304",
  "monstercarnivalcarnivalfield4lobby": "980000400",
  "monstercarnivalcarnivalfield4battlefield": "980000401",
  "monstercarnivalcarnivalfield4resurrection": "980000402",
  "monstercarnivalcarnivalfield4victorious": "980000403",
  "monstercarnivalcarnivalfield4thedefeated": "980000404",
  "monstercarnivalcarnivalfield5lobby": "980000500",
  "monstercarnivalcarnivalfield5battlefield": "980000501",
  "monstercarnivalcarnivalfield5resurrection": "980000502",
  "monstercarnivalcarnivalfield5victorious": "980000503",
  "monstercarnivalcarnivalfield5thedefeated": "980000504",
  "monstercarnivalcarnivalfield6lobby": "980000600",
  "monstercarnivalcarnivalfield6battlefield": "980000601",
  "monstercarnivalcarnivalfield6resurrection": "980000602",
  "monstercarnivalcarnivalfield6victorious": "980000603",
  "monstercarnivalcarnivalfield6thedefeated": "980000604",
  "ariantcoliseumbattlearenalobby": "980010000",
  "ariantcoliseumkingsroom": "980010010",
  "ariantcoliseumbattlearenaexit": "980010020",
  "ariantcoliseumbattlearena1entrance": "980010100",
  "ariantcoliseumbattlearena1": "980010101",
  "ariantcoliseumbattlearena2entrance": "980010200",
  "ariantcoliseumbattlearena2": "980010201",
  "ariantcoliseumbattlearena3entrance": "980010300",
  "ariantcoliseumbattlearena3": "980010301",
  "goldrichsmazemazeentrance": "980020000",
  "goldrichsmazemazeexit": "980020001",
  "goldrichsmazesnailsmaze": "980020100",
  "goldrichsmazegoldrichstreasurevault": "980020900",
  "goldrichsmazerainbowsnailsmaze": "980021000",
  "goldrichsmazedragonnestmaze": "980021500",
  "goldrichsmazehighlow": "980022000",
  "goldrichsmazemazeofgoldenfruit": "980022500",
  "goldrichsmazeglowingmushroomsroom": "980022701",
  "goldrichsmazemazeofnumbers": "980023000",
  "goldrichsmazeribbonpigsmaze": "980023500",
  "goldrichsmazemazeofmushroom": "980024000",
  "goldrichsmazeglowingmazeofmushroom": "980024500",
  "goldrichsmazetwinmaze": "980025000",
  "goldrichsmazeroundup": "980026000",
  "goldrichsmazemazeoferosion": "980026500",
  "goldrichsmaze": "980027300",
  "goldrichsmazemonstersmaze": "980027400",
  "goldrichsmazemazeofthegoldenkey": "980027900",
  "goldrichsmazemazeofexploration": "980028000",
  "the2ndmonstercarnivalspiegelmannsoffice": "980030000",
  "the2ndmonstercarnivalexit": "980030010",
  "the2ndmonstercarnivalcarnivalfield1lobby": "980031000",
  "the2ndmonstercarnivalcarnivalfield1battlefield": "980031100",
  "the2ndmonstercarnivalcarnivalfieldresurrection": "980031200",
  "the2ndmonstercarnivalcarnivalfieldvictorious": "980031300",
  "the2ndmonstercarnivalcarnivalfieldthedefeated": "980031400",
  "the2ndmonstercarnivalcarnivalfield2lobby": "980032000",
  "the2ndmonstercarnivalcarnivalfield2battlefield": "980032100",
  "the2ndmonstercarnivalcarnivalfield3lobby": "980033000",
  "the2ndmonstercarnivalcarnivalfield3battlefield": "980033100",
  "witchtowerwitchtowerentrance": "980040000",
  "witchtowerwitchsgravesite": "980040010",
  "witchtowerwitchtower1stfloor": "980041000",
  "witchtowerwitchtower2ndfloor": "980041100",
  "witchtowerwitchtower3rdfloor": "980041200",
  "sharenianexcavationsite": "990000000",
  "sharenianvalleyoftheguard": "990000100",
  "sharenianentrancetotheremains": "990000200",
  "shareniandoortotheshareniancastle": "990000300",
  "sharenianroadtothefortress": "990000301",
  "sharenianhalloftheknight": "990000400",
  "sharenianmiddlepath": "990000401",
  "sharenianroomofglory": "990000410",
  "sharenianroomofcourage": "990000420",
  "sharenianroomoffaith": "990000430",
  "sharenianroomofpledge": "990000431",
  "sharenianroomofjustice": "990000440",
  "sharenianfountainofthewiseman": "990000500",
  "shareniancenterbanquet": "990000501",
  "sharenianwinecellar": "990000502",
  "sharenianundergroundwaterway": "990000600",
  "sharenianwaterwaymaze": "990000610",
  "sharenianendofthemaze": "990000611",
  "sharenianshareniiisgrave": "990000700",
  "shareniankingscorridor": "990000800",
  "sharenianergothsthrone": "990000900",
  "sharenianshareniiistreasurewearhouse": "990001000",
  "sharenianreturningpath": "990001100",
  "sharenianguildunioncamp": "990001101",
  "mapleworlddestinyscall": "999999998"
}